Interval,Open,High,Low,Close,Volume
0,418.8884712219238,419.0948400338798,416.86697689067887,417.2035747701634,1390861.686135681
1,417.2863070875919,417.84685259030596,417.07163366828485,417.60684328619215,142366.4663306648
2,417.3624285482719,417.5183815758406,415.9515793934447,415.9801126541486,1103802.2521413283
3,415.66537807206805,416.0525839900901,414.02199105091535,414.181314650821,1232301.7407212355
4,414.0849280264704,414.4038028645927,413.8639761962373,414.0039894830188,3176155.711547723
5,413.75589905782203,414.9086744480021,413.68004034952827,414.5461837595863,1613379.2895466795
6,414.30372933092394,414.3861635549377,412.021415672793,412.2864229633229,396845.12047531223
7,412.085497637438,412.7740156135078,411.9687374982857,412.415884368949,207300.96263850678
8,412.0435007625344,414.34599051354985,411.70300247361047,414.2869321038337,1192682.4112205422
9,414.5488125857277,416.0879184614793,414.37608995531184,415.690455442996,1799568.3540684711
10,415.274764987553,415.66737061112383,414.14410078038406,414.1607650752427,2144235.172957087
11,413.74660431016747,414.4131220952519,413.5794441873547,414.21874715731343,3694932.166898066
12,414.04584982308967,414.39702951778855,412.05807754148645,412.4421208535666,0.0
13,412.6571688140513,413.0437856955676,410.733753754644,411.0907423771326,2643711.463245285
14,411.00712488760024,411.1205284272335,408.52802741165914,408.84981777156577,1383048.3400154375
15,409.0945469740573,409.53158553735364,408.9462487118799,409.4791150777605,0.0
16,409.3983447147618,409.7063557169284,407.7872107687134,408.06440315493035,475834.489036017
17,407.6563387517754,408.00127376428065,406.11926322205045,406.202566063548,1127129.2107590474
18,406.551311574753,407.1793637329523,406.3076539798859,407.0244106506961,1151414.0263639742
19,406.8479080597775,408.1822520769169,406.4511893847415,408.002410657329,0.0
20,407.59440824667166,408.9153490341385,407.36038415291847,408.58906375777394,0.0
21,408.6934771853542,408.892246849216,406.25751117745295,406.36177622206895,1851043.8509101379
22,406.54127314943474,406.6653444492612,406.0559379148614,406.2664571038889,511506.730259198
23,405.9118407960503,408.19785838155025,405.8070698555399,408.10960612683937,2031791.2623495571
24,407.82398549697655,408.0213648331399,405.6661068906869,405.8849321951194,69287.59200040647
25,406.2720806529916,406.5930469907058,406.0329966369077,406.1996724532079,1302238.5093364902
26,405.9631600813834,406.29358200036387,403.70919433186725,403.98540989037326,3156441.1040349733
27,404.0235588490019,405.32572212576144,403.63759107192493,405.05233207599895,899930.1349749787
28,405.4071260941999,405.753681496161,403.1044090975449,403.34535332877806,1629685.5600498845
29,403.59995653040284,403.75209922624623,401.8558531295449,402.2444869763035,2044941.8756914476
30,402.1204360695955,403.84574699616536,402.02526041416024,403.5818881922989,1074874.5597720502
31,403.98547008049115,404.3507744276555,403.32115783645634,403.5669867941611,1924790.2015007257
32,403.25632607380146,405.467213652997,402.9816310883543,405.3978888644605,711892.815352043
33,405.5520753349367,405.9073143639137,403.903492166094,403.9884114031055,1078332.0834642549
34,404.2013784016926,404.3190707858167,403.07970962615593,403.27720612448445,0.0
35,403.68048333060887,405.0497490088942,403.6614408276686,404.7378082089268,816862.7228858932
36,405.1425460171357,406.7657603965534,404.7767583139882,406.5740220599774,1390817.3486819584
37,406.1674480379174,407.91739423301374,405.9946030254934,407.7480685196671,2171658.7345874747
38,407.8686212046731,408.08943009558914,407.84818560998025,407.8805229987556,0.0
39,408.19911582903427,409.954078166662,407.87874955914646,409.718991807466,621934.4690828207
40,409.9692745847574,411.08308133383343,409.5857264593995,411.0404976855895,1903576.522638219
41,411.0043851714988,411.17372484881395,409.36702151353103,409.5642576224013,208600.9316505983
42,409.7670196546278,411.5822495459489,409.3963668166144,411.422368101552,0.0
43,411.3526722284266,411.50386470503815,409.9995355438728,410.02901198480635,417575.1291886185
44,409.8568601669346,409.88485660803195,408.26418394652234,408.2740861839868,0.0
45,408.54683384266747,410.3961140821851,408.2771083367892,410.126343415387,389586.6317780134
46,409.7162170719716,411.4817917009638,409.32826640965965,411.28437522358837,36210.05416452023
47,411.3948790542634,411.70973644314785,410.51697497902967,410.6484032645183,0.0
48,410.2377548612538,410.38625433203464,409.83283903081036,409.87597698286197,0.0
49,410.0576043424932,410.3762937246035,408.2871706755802,408.6254151760994,596080.7496513235
50,408.8373062494082,409.02334677658604,407.4733845092037,407.7933472004191,0.0
51,407.6084834183852,407.73827008137744,405.3253496197532,405.5703972491659,1027778.5214983309
52,405.16482685191676,405.1785238386433,404.6729790613251,404.926611156822,2721131.1451246785
53,404.52168454566515,406.32961309300157,404.43040629494925,405.93495062058236,1612089.596008633
54,406.25901861454116,406.4428060945409,404.71519903532004,404.92744174478634,1678480.88932777
55,405.3323691865311,405.5620132933876,402.91257396481103,403.0770423904719,0.0
56,402.6739653480814,402.8796559897841,400.5854439093225,400.8798018079942,2589046.6804490075
57,400.4789220061862,400.84359277658217,400.24791378675707,400.8353045387768,3152053.373144027
58,400.85634216670604,401.1820134455652,398.3182984391122,398.6502840454261,1949787.1878553543
59,398.83010753081084,400.7304740833215,398.7540309524395,400.458880026436,1954346.26334545
60,400.6695082234266,402.04682917889915,400.4806347504977,401.66909476276976,140626.28815302823
61,401.39475475347666,403.14211637554894,401.013275566253,402.9234527878297,2380257.551438505
62,402.9625582809917,403.3032518406758,402.59569997130933,402.7015496359623,752870.9927633106
63,402.4689126489364,403.33778154933816,402.4419450933771,403.171804702154,999807.3292054934
64,402.9862483232486,404.7794876228241,402.83575840879786,404.68460666885227,888702.3147623091
65,404.6360296054644,406.39067860081747,404.55006946188234,406.29389088793266,1920055.0582609344
66,406.18436812446714,407.11213257599115,405.9481296099483,406.72889345923153,906947.194374078
67,407.1356223526907,407.3379784520528,405.65242726489004,405.8268791936558,974643.709365195
68,406.23270607284945,406.4773891706775,405.2961946658276,405.43330635354323,1402653.4168587273
69,405.78162828296155,405.8974900250299,404.3027717614711,404.37220480281235,1069953.854485397
70,404.36028704229454,405.35422013152936,404.1353162835396,405.17880149074347,3023001.4335652282
71,405.5839802922342,405.6132176586781,404.95440925572615,405.2076238210109,0.0
72,405.09339277856986,405.20998793407114,404.8593745322967,404.950325818211,2765949.9490846433
73,404.9810868400002,405.1702592341108,404.69244032320074,404.95857574966124,2347376.7688349374
74,405.3541116916153,406.93450759152387,405.10048328532895,406.795791178543,1376241.0725877453
75,406.3889953873645,407.9215313279779,406.3432287469599,407.9016314480657,555714.2365803769
76,408.3095330795137,408.5022448213883,407.1981933508893,407.5888871019527,778727.9194087874
77,407.92356941849954,408.12697021347515,407.54635709881165,407.66709457929767,0.0
78,408.07476167387694,408.46673597512785,407.85919596019687,408.4266836973921,791458.3775475253
79,408.83511038108946,408.86508399099944,407.4837810481987,407.49350267831045,1888841.8034576941
80,407.9009961809887,408.0371149405552,405.2017319529503,405.27218722985236,1748081.8294923317
81,405.0363052527706,405.4308664385461,404.9461814980478,405.4245423737829,1228409.6419041832
82,405.433115552813,406.1442726474481,405.2435822069106,405.93132231833937,2641628.970078825
83,406.22339179196643,406.44802881911454,403.8786134385757,404.1237760762933,0.0
84,403.9419744856669,403.96132903196667,403.0398189195522,403.2824534678388,1533233.2796694143
85,403.2562015331583,403.46626134560137,401.41695947928105,401.4693268666907,1454991.4543003228
86,401.6322787801808,402.7621765405991,401.62264634112495,402.68934747654225,959321.6736401012
87,402.56861698066433,403.14036278564384,402.53768042210424,402.86065369884386,1225348.309618811
88,403.1479273203739,403.46531005891455,401.61228826519795,402.0056652536315,0.0
89,402.40767091888506,402.6468376021452,402.33578384448464,402.48190656792025,0.0
90,402.7196210198184,403.0565430887673,402.5088487513954,402.96433686865106,1920569.115997539
91,402.5613725317824,402.6558825176956,400.8638436705523,401.1149164662285,1343201.4543053384
92,400.7138015497623,403.1233120158907,400.6697906734398,402.93469398772476,1898531.050807278
93,403.33762868171243,403.72562324671884,401.72747237275314,401.9900921906688,1354335.0434710672
94,401.7243496764708,401.8830043765875,400.75620317545355,400.9955662835294,0.0
95,401.3965618498129,401.6999796301513,399.93760655590256,399.9548987513529,1965740.6726391139
96,399.5549438526016,399.85530570088275,397.6831655960765,397.96153703953786,749038.7014506848
97,397.56357550249834,399.4883305042481,397.3485284359904,399.23996615184546,0.0
98,399.5306719765661,399.5635997569351,399.0268435185515,399.31113807051827,2195134.814879316
99,399.26181578946404,399.577057333954,398.17613134891116,398.24571110817953,36754.6491498258
100,398.63984931419395,399.802940359667,398.24263812161763,399.452743019065,1365602.1198989374
101,399.13717472491106,399.2271317010744,398.62874627820685,398.86929274651806,2255545.2331347326
102,398.801654754494,400.1270974219891,398.67279823371786,399.8634329820915,0.0
103,400.12147133954284,400.9771416648886,399.94520317993135,400.7793834338905,123350.77922932501
104,400.65415081310397,401.0548788619284,400.61566413944814,400.9109924502181,1418803.639324341
105,401.31190344266827,401.5665954126474,399.5946068390889,399.6842789060521,546883.6783753913
106,399.69275056024685,401.2692964176936,399.68831979066664,401.19402543321735,424166.1831784949
107,401.10500939867967,401.8933347617446,400.99366887693816,401.8411907383313,1817695.3595666313
108,401.439349547593,403.87056337769377,401.14275990432714,403.6642632198018,0.0
109,403.260598956582,404.5915527146165,402.96388014278864,404.296482196916,1579991.9500813116
110,404.5640946047101,404.7362870182184,401.7956260579234,402.09259424346743,464834.3636433891
111,402.49468683771084,402.595225705662,400.9728941815527,401.2462198230216,642833.4653069479
112,401.3133482716788,402.8991887773163,400.95051588875,402.89792654132765,0.0
113,402.77016144245385,402.96725859064617,401.2320027351713,401.6303521038214,1312676.644124946
114,401.99960359609815,402.1961716879336,400.17174756542556,400.2874120939406,1478361.99393582
115,400.22254334566867,402.2527382968956,400.02352733781885,402.1034353949035,102140.3678387528
116,401.7475962660673,401.9859931262265,401.42844381874875,401.5395292239922,2454554.1454983302
117,401.7239871191621,401.8293391892932,399.9963591817545,400.18750945413046,983181.1891033415
118,399.7873219446763,401.1027623944585,399.5711993016076,401.0444550988511,1391393.913461239
119,400.72622815617126,402.78068489279156,400.7127312030059,402.53809518579675,815289.1899370714
120,402.9406332809825,403.18213093524747,402.43226977651483,402.4452746289108,1525958.8076118077
121,402.22860176229455,402.50883921331945,401.9297707319972,402.1281903372727,0.0
122,401.9606318073618,401.9634231337328,399.74523042092466,399.93612210652634,612901.5123676707
123,399.84193124674175,400.09759139073714,398.55666460527544,398.58119635780514,0.0
124,398.7572307163206,400.0047396817147,398.3861279782175,399.8583624372142,2540063.82980654
125,399.458504074777,399.504863254304,398.0978617020623,398.1299273180299,1909386.508315484
126,398.0602108332252,398.59615992699156,397.98670953687855,398.4114706792228,93463.80609892472
127,398.31509085867526,400.4453053732551,398.04980686202555,400.218983212129,1737874.4419743246
128,399.81876422891685,400.94866158067634,399.4882847663252,400.81527463093306,1853407.440141169
129,400.60882463281496,401.19945527452353,400.221482058838,401.06770689739034,1424482.8504287314
130,400.7774774624037,402.4351385374886,400.65295988634495,402.3328889780407,1115661.4541503412
131,402.7352218670187,403.05351488572825,399.9378163658688,400.2826819778899,1228230.6583165172
132,400.68296465986776,402.45902229266113,400.54896861679885,402.0986838192698,2889787.740457602
133,402.052737407488,402.32638275756636,401.5440142357153,401.7570746944039,566317.7007260339
134,401.7836629887675,402.06457395011864,400.27665484420055,400.47193250212587,862682.6869161514
135,400.5497836757846,401.60592036731754,400.33092119474463,401.27467697698785,0.0
136,401.1828355449854,401.44415674951387,401.0431591593899,401.15409306274734,0.0
137,400.9607535944628,402.3471079447773,400.6491607001533,402.2941927239117,2740502.39854775
138,401.8918985311878,402.1915717392772,401.63385883442,402.0240565980088,281337.4096277582
139,401.84811164098517,401.9965263013561,400.69811458897885,401.05353268369316,0.0
140,401.23206795693983,402.46914823138997,400.96811070965754,402.1763734296314,725060.435862436
141,402.0529442884078,404.1846874090479,401.8700481924812,404.000966567408,1360449.881016423
142,404.40496753397537,404.4274815345039,402.16326730993086,402.23023194905,1809226.1557448506
143,402.1804316503428,402.3393512768112,400.18262288759064,400.19793489503957,0.0
144,400.17697593819366,401.94904315776444,400.0938590546426,401.7173414289903,49037.84324138379
145,401.31562408756133,403.7175488890315,401.10736650516014,403.53985203110915,3456138.1874569887
146,403.13631217907806,405.68169599013027,402.8329509449396,405.37063099645826,2315693.4416383547
147,405.2471865986817,407.11900504110184,405.03466137983224,406.75165152527813,0.0
148,407.15840317680335,407.3371518428969,405.32257569147,405.55140256129823,4791727.099809163
149,405.69756447013845,407.1881647979913,405.62857700881585,406.9821676689294,1332233.6018653542
150,407.3891498365983,407.7649240377718,407.0035785627965,407.5438576987363,136355.6478392533
151,407.5480435219689,407.60736740808306,405.6284587760373,405.63640551782606,0.0
152,406.04204192334385,407.8434149492634,405.7942676443908,407.47669612373284,722351.9400631614
153,407.0692194276091,407.12803885199594,405.0866594839532,405.2554722906234,3762288.764489253
154,404.998294408631,405.337236796089,404.40559933827825,404.56304238861867,2802322.63126955
155,404.4034489603148,404.5297441505826,404.05274508643674,404.12073574499976,326515.45286690723
156,404.3518036617892,404.72914396245534,402.9062445038993,402.99713741867157,715885.6902808612
157,403.3616915650647,403.6274815444885,402.8752306422056,402.8871119235545,1621913.1534370931
158,402.9211827564165,404.3796965718803,402.6830035368174,404.0159927652978,2468307.6084043505
159,403.88656480262125,405.85895197478806,403.87906216640266,405.84893188518015,608250.1478715912
160,406.0518455251959,406.0680388384648,405.2555522915039,405.4519472618215,2228753.0800512726
161,405.04649531455965,405.2151903966057,404.94447442488257,404.9937194647481,864682.5809772394
162,404.8796122502388,405.04964422654984,402.95548733971765,402.97736302356424,2199523.489960204
163,402.8560994735945,402.99604758135246,401.44890300333583,401.7428886648641,0.0
164,401.45628674342083,403.6583016404104,401.11456943186647,403.3284172697014,2786600.542642394
165,403.244579276971,403.35943705336007,403.1838550844283,403.21099747461693,0.0
166,402.8698543892445,403.24305868991735,402.6456755255495,403.12632726517086,792477.8990968256
167,403.13211519158165,404.5134072146446,402.77287512196506,404.2665199604142,876230.2482029303
168,404.27635674082876,404.6000195746874,404.1477972047822,404.2548415274663,985490.7389271224
169,404.29578438804316,406.48010444733285,404.1818509245712,406.0888642560368,0.0
170,405.68277539178075,406.92530607189104,405.5877520965327,406.58928459707346,2008011.3193708556
171,406.18269531247637,408.1021194983257,405.896959728538,407.709257657027,1076523.1642813904
172,407.4770277198099,409.5624976962704,407.4756857396862,409.4806113989319,3049646.3725741375
173,409.54168336891604,409.61878823621976,407.9445333874386,408.17291120091596,330570.8609339745
174,407.9814487164679,408.1204420421369,407.3931383196995,407.7580083976105,962836.9166702466
175,407.35025038921293,407.75504295747805,405.52999464644273,405.5352510841003,406907.14043160656
176,405.61695945094505,405.97223332688606,405.01572117594145,405.4210254211729,0.0
177,405.534923177874,407.3082135335343,405.4771218666947,407.26033889099625,1155457.524438615
178,407.06095041086564,408.71792807251654,406.8722821221007,408.6622987919982,573096.7703919738
179,408.49598194217805,408.5074975475274,406.41270702264444,406.7295132883326,1622070.9260383188
180,406.45937560399733,406.84561709292706,405.60536171329505,405.6279581790403,2158868.750087073
181,405.3839517779676,405.76349279911807,404.99148656426223,405.3926861708,871214.7170257348
182,405.79807885697073,406.0366500873035,403.30795074690326,403.43122115214913,1462646.1764073442
183,403.4715470692516,403.9288055510402,403.1653903814617,403.63311969962683,373966.1868035573
184,403.380383672678,403.9247179447375,403.3506170125688,403.5432694080931,61858.11251450353
185,403.6068485169215,403.7626940399562,402.9220469972436,403.09877595846,3262563.370477514
186,403.16003322007316,404.99714929274967,402.7645254088819,404.6195727567506,1309174.9671842498
187,404.4835005637547,404.9560790492714,404.2899354799402,404.87271079699354,1604149.6298348713
188,404.7144336962799,405.5222562813017,404.63867950899134,405.38361066338416,2287420.394288901
189,405.7889942740475,405.8878152853118,405.519533645005,405.61287600668635,2022857.4776965976
190,405.5624204406358,405.73772777885017,405.0660968702853,405.32216078726486,0.0
191,405.72748294805206,406.1081288775232,404.54811326300404,404.5658651123421,0.0
192,404.35017237572936,406.65406191028336,404.27115981550793,406.40129889222277,1788567.5322470218
193,406.3625674249714,408.5054042000212,406.07414775114574,408.24505966518626,1779266.280086258
194,408.16896393454755,408.34147990692964,405.9442500296466,406.0196473535037,1674881.3993165956
195,406.4256670008571,406.5873650795228,404.596066709188,404.9480070315126,2571269.8176092003
196,405.10234248429776,405.25210073286985,404.35193440056327,404.63962859061667,2163582.127441642
197,404.30384538937903,405.78306295875484,404.2736250552764,405.68687342172075,1405836.4559491838
198,405.46680958626763,407.23539344129773,405.06970076358436,407.19057178096875,222957.03400928085
199,407.1477399828615,409.38902184461034,407.0263420451229,409.03791332593124,1133111.1977017778
200,408.62887541260534,408.82194260621753,408.464616167903,408.5533169614844,1718171.6288236002
201,408.9439381129283,409.0697424916415,406.15672170691624,406.32622428756326,3167246.08688662
202,406.25194052834996,406.5325559854051,405.7539863180874,406.0438094173685,2286699.2477654964
203,406.23120431089444,406.40451657813935,404.22600421136536,404.2820596912954,638678.6412582269
204,404.15998598013124,405.2367040589328,404.1330454472202,405.172758062123,457927.4074865099
205,404.84539558728176,404.9905978567576,403.6329874980278,403.69370213465413,1511143.461461514
206,403.6571750644612,403.7784885973664,403.495894640962,403.5940255390154,970610.1922725213
207,403.34509262137965,403.5058167812498,402.46961387912035,402.7681872041409,437116.6380952989
208,403.170955391345,403.5695346738113,402.3330470688248,402.3847100932757,1452550.8439504383
209,402.55423817325965,402.9624082676001,402.32702197454375,402.8331219048109,3532745.858302432
210,402.6606383205652,403.76766977390315,402.55545600691136,403.47028842870264,933468.5785750251
211,403.76095811455934,403.8669428091427,401.47193163179617,401.5839928733146,2121031.3639631043
212,401.89228236902096,403.43739377746823,401.756311955606,403.0408069827834,1864603.1743472135
213,403.181676559721,403.48137578534283,401.0037491353836,401.303879149917,0.0
214,401.70518302906686,401.79481960719374,400.95478600982625,401.2431354661758,2610688.8667071247
215,401.1183896291429,402.9752212965714,400.92937708133593,402.74980406290706,1573023.7324079648
216,402.8096652930915,404.80937211719,402.5871313940653,404.5418853293317,1883545.0632693437
217,404.1373434440024,404.5129473727483,402.1655816669531,402.336659642237,551632.4154393394
218,402.3510510123458,403.3481994259551,402.2306536433537,403.17644639349743,3000483.608902126
219,403.05537160954907,403.7912339109013,402.7476694659321,403.62698339476486,1872556.0077108392
220,403.2233564113701,403.7139635794692,403.0849638885141,403.6520700107238,940718.5693782677
221,403.56433294775223,404.3471743765371,403.46559055514496,404.2109325035559,0.0
222,403.9604378414085,404.19559848348484,403.73228973169,403.88236491230674,661315.9437498609
223,403.47848254739444,405.10369962106444,403.3234439658623,404.875447039375,486114.6453716983
224,404.87463460127634,406.42873861162315,404.74787063955955,406.30330951591446,1308203.0656449061
225,406.7096128254303,406.75293672067005,406.28166715237097,406.40951162752714,17523.31444288045
226,406.8159211391546,406.8659249599661,405.0345544195833,405.25926899996335,788121.0006109951
227,405.43808516770605,407.4747124413187,405.0778130554377,407.09784861350965,270431.5335331744
228,406.8581550513709,407.15040120625395,404.72988500681305,404.8988563475013,24633.01946276566
229,404.7732737372503,406.28063670341896,404.54735963915283,406.1627261682632,0.0
230,405.75656344209494,405.8448515451716,404.9668237066121,405.1280087235836,196449.73359056842
231,405.3680267668176,406.21009122380406,405.28903517911067,406.05336710876384,1015317.8693536808
232,406.2814772568335,408.2253806134378,406.00218569344895,407.8955493853599,39927.51309543359
233,408.2925611911066,408.6714675158674,408.25928479511316,408.54415808618654,181505.3334391754
234,408.9527022442727,409.21884193570844,408.2399332722752,408.54063789776745,1586475.602603089
235,408.47903200521176,409.0184915894029,408.2500884759809,408.7195725618499,703649.8748162717
236,408.31085298928804,410.3289541261255,408.1056720478825,410.1260523414736,325191.2211998234
237,410.536178393815,410.6800031814334,408.73682991041136,408.95800620503564,702948.6647084219
238,409.3492954102498,409.81036632653536,409.0109397699953,409.47045146178147,2725062.3635879946
239,409.06098101031967,410.4496466147798,409.0556597057798,410.09984250973383,684197.9717290457
240,409.6897426672241,411.5559740574546,409.3698257147329,411.50830394329404,950297.2603886169
241,411.3124825254393,412.7243588041675,411.08773567496786,412.5056395267411,284054.152393591
242,412.9181451662678,413.0021801179476,411.6315711095141,411.7451577856442,2108745.569730643
243,412.1569029434298,413.3150296949374,412.0022363115317,412.94267031067324,1551102.2266425826
244,412.97277263574904,413.1369079087194,411.3852742607234,411.4617095353566,0.0
245,411.8731712448919,412.2546038720078,410.9879503199933,411.1802457549224,529489.2417195438
246,411.32380035809837,412.46407969753096,411.23911512403237,412.240653124642,0.0
247,412.43134488653504,412.44900328175345,411.31387418937044,411.38509525213215,0.0
248,411.23089361470346,411.5884429355133,411.1817672808845,411.21266008381343,614554.9027055232
249,411.3973470058171,412.09712892548794,411.3674677585223,411.9677352008001,196923.9981911073
250,412.0416886419262,414.1666734957807,412.0281522127832,413.8367497732444,136064.50392792223
251,414.24756531718344,414.2817279166142,413.02268784083475,413.128810850208,1214188.6915758122
252,413.54193966105817,413.99288265877294,413.3957387010828,413.62405170256756,478388.43604326155
253,414.0376757542701,415.81063533072654,413.6843898307326,415.41939431278837,0.0
254,415.20825934182415,415.3907747165505,413.5105291702132,413.6425805359267,703936.1611287104
255,413.34832855501617,415.340602111785,412.95227725411274,415.3277405951735,2537855.645819635
256,415.4944197692439,417.36673355815134,415.39421276936673,416.9882660963209,2097832.7222344982
257,416.5712778302246,416.705588075002,414.759527011655,414.8261107284213,421250.95341162407
258,414.68188879637455,414.9416821542042,413.3739209861923,413.5082554181079,664035.9550929175
259,413.3505327689882,415.110833720097,413.11078716859015,414.907095730677,36747.384079651674
260,414.49218863494633,414.80676293329725,414.25625601861077,414.3336533564518,822358.6521611775
261,414.11849687003155,414.21820844064047,412.9330291215726,413.29367202472014,280965.8160375543
262,413.13973228753827,413.35490780535855,412.54046575984205,412.82910916363284,919396.7288301026
263,412.5000177707549,412.5114719566444,410.7125598402578,411.03300290908004,0.0
264,411.4440359119891,411.5138816915888,410.85445918570275,410.89921742764886,899723.4315211821
265,410.89605524277346,411.0673905869177,410.45659077176657,410.476736616571,961350.5279429201
266,410.2909482186423,410.4628776509362,410.09477517865105,410.37704954657863,513530.4111974648
267,410.39722509563063,410.71303877723886,408.2722593730337,408.5418863164486,811750.1077504689
268,408.1333444301321,408.8053583844744,407.7942589202065,408.54837218527376,978684.6503502133
269,408.1551147811264,408.4764200187747,406.9642442559632,406.97286586331194,2410087.9538555807
270,407.3798387291752,408.45082328809036,407.2407672075943,408.083749255985,1805071.6825769024
271,408.13085360035626,410.2566306438173,407.75870070666315,409.92901891988447,858284.7609649174
272,410.3389479388043,410.4440197500255,407.9344880142498,408.12761129401736,1797576.407254669
273,407.9762772283059,408.0636677108991,407.1436814327752,407.4569352065801,900071.4608862187
274,407.86439214178665,408.04821019888743,407.2161641959757,407.436244928424,1849513.3806646839
275,407.0288086834956,408.8741769237347,406.94978774590555,408.51800905590494,1566213.9108245068
276,408.10949104684903,408.1407995508774,407.34683492273666,407.64135951516283,2964257.8374214927
277,407.5905635660447,409.5549155267187,407.28169557248486,409.27902610369773,2137698.068123513
278,408.869747077594,411.0577336176787,408.8458643109202,410.8970780435645,904531.7058182891
279,410.9308066947378,411.2637798522143,408.60705029379466,408.6572091347711,1376686.22097473
280,408.68971799460326,409.08621216334444,408.0677996304328,408.3310602506404,0.0
281,407.92272919038976,408.0356907184134,407.0303217912641,407.3389509993247,451764.5768663372
282,407.5600550124878,409.1641948886208,407.1563658141174,409.1507533778228,1060973.3763060642
283,408.94282523805066,409.3347220051774,408.10617960872054,408.2919543288619,1390716.6240719128
284,408.17369931331405,408.3774801840956,407.40765814940266,407.5504944888838,1958941.5049743233
285,407.14294399439495,407.4936127245893,406.6151132374778,406.98539800500924,1799865.3516127826
286,406.8628850952461,407.1930614148056,405.15174312473783,405.44133608737366,0.0
287,405.5881404865481,407.27502268095634,405.2241303960713,407.02805788713107,2419812.9418192543
288,407.16230304481496,407.283940224398,407.0167206850728,407.09603139969346,0.0
289,406.9801852911577,407.03586402382166,406.4628551842791,406.84315613174243,1589146.0711576706
290,406.51764218347904,406.7140937802722,404.3141977779283,404.6253858314186,1356740.0897788603
291,404.6642904181891,406.3540164787119,404.4631548804629,405.9811203233363,1590810.5067124986
292,405.87137686948125,408.0203778019938,405.84378401045757,407.82297483083,743153.3824493116
293,407.41515185599917,407.57792285240123,406.13578759862304,406.28698822037455,507386.184773059
294,405.8807012321542,405.88129129022934,404.9523730502714,405.2234921030392,0.0
295,404.8182686109361,405.08751796259133,403.5904430738817,403.87003642467994,404581.4311822844
296,404.27390646110456,404.49498437753107,403.06058397068034,403.2406356167483,947817.3912071008
297,403.2330633488568,403.2422682641309,402.2605702478668,402.64401573952927,869641.5349085566
298,402.4736894454415,404.76606488044104,402.0770921476565,404.4502580547299,1114486.1364521591
299,404.85470831278457,405.42537791084743,404.4731225464628,405.24674077640174,1447434.8035957343
300,404.8414940356253,405.13903633235765,403.26065250873484,403.43369282566255,1352222.2343714896
301,403.74196275785226,405.50727159605805,403.49280788461897,405.2639901680955,182262.3657596592
302,404.8587261779274,405.1963140731657,404.47131712358384,404.7291828578664,0.0
303,404.3861274928746,404.44943175590384,403.90175779152884,403.9208288186095,2242996.5817541694
304,404.2689831843104,404.5292434877946,402.5808246631417,402.6853211823976,815985.9119196626
305,402.42867759715693,403.15648665756686,402.0695129855448,403.0813075502587,586030.4216152958
306,403.1892483557055,403.27654550208905,402.8275211541008,403.13907844523396,272815.8608863142
307,403.54221752367914,404.5241693280626,403.4955809648583,404.2577104614682,1645247.2734811842
308,403.8534527510067,404.3258242579808,403.6462495948752,404.15549676720894,3027750.4408725994
309,404.0902236109449,404.94111221802484,403.9675108293668,404.62982819248106,1329799.443517297
310,405.03445802067347,406.86396565491384,405.03227616032905,406.465552159963,731138.1315397824
311,406.1129692739999,406.8911804598986,406.10818915669745,406.75771603846636,977888.8262668238
312,406.8843308814198,407.23785328143055,406.589269469239,406.7163888609668,1594699.1867756185
313,407.1231052498277,407.4152375461788,406.3870736170344,406.5541811263263,2097708.5311023644
314,406.9607353074526,408.76379964939747,406.80783197952286,408.3986354951687,668882.6644924858
315,408.06748861167137,409.2841945599803,407.7659516183879,408.8844216803046,1186886.3727112897
316,409.2933061019849,409.5029042992228,407.15660501117543,407.37062164642896,1225365.688248851
317,406.96325102478255,407.2406558260916,406.57069147974636,406.9580028087931,107148.54865480307
318,406.94935294432105,408.9374691833717,406.58627611745095,408.8042892352087,1074284.6610885204
319,408.832198648058,408.88308512434287,407.6647945227332,407.9807546496991,1127051.292663291
320,407.63819434700656,408.2037540589183,407.61831350617695,407.8576463241082,3636222.4997127503
321,407.4497886777841,408.94632168960476,407.0672950786338,408.64998208268713,0.0
322,408.7907774337879,408.90595184361837,407.1802337039694,407.276293376131,1036121.1337037543
323,407.32355016058193,407.51082830802113,405.87506362040574,406.07330221344984,1130775.6646815091
324,405.78344136743897,407.96344085728504,405.6101086474237,407.90906371927554,2300863.4227851024
325,407.6459420511803,409.84272065989506,407.6305520684364,409.5985421524709,1189871.8327457095
326,409.49277919817496,409.88663418753396,409.17166063285026,409.7234195173317,573003.629414003
327,409.89316920111725,409.8974222312916,407.1894210807583,407.48994841807,1102133.272289646
328,407.12786650226286,408.71808646808336,407.0979152311942,408.60800268372026,235837.9710034005
329,408.38264235386134,408.59062795309416,407.7405839702279,408.0956601952395,623634.4354119133
330,408.5037558554347,408.5642200227311,407.9522887135675,408.0593726901657,443333.57252290985
331,408.1466478548182,408.42346837716553,406.19941048678083,406.2084359219771,1980734.140774834
332,406.61464435789907,407.56076519879747,406.38474115442307,407.29260981309375,2138326.344481145
333,407.18501310456156,407.4889323512141,404.8093818831589,405.1487178376869,2778940.0213443255
334,405.0182199436283,406.2157580883273,405.0149348272669,405.96506932152454,207158.83822274627
335,405.559104252203,406.49856248688377,405.27872486710515,406.4487013983527,762675.9905544599
336,406.5657281385787,408.1923035534932,406.4157032840796,407.91140826463845,3495536.298594753
337,407.8496219763985,408.02121742228644,407.1239765594644,407.2347518944227,1746221.3696979024
338,406.8275171425283,409.26437083434735,406.4468068729084,409.08229387565433,1991113.399091016
339,408.95322819548863,411.2547046454091,408.83458788714677,410.93821778243756,340384.252277903
340,411.34915600022,411.59202846960795,409.83617918289406,410.0581800071888,1539863.1927472907
341,410.28859682307143,410.4069167597866,408.56934252742536,408.90547454856284,1863062.4749552032
342,408.70513154289796,408.78926145694294,408.6357281162277,408.6940881718353,947424.1200066799
343,408.67215580104573,410.8078083852575,408.4862149828822,410.5482508675927,0.0
344,410.66264583637485,412.49753818303344,410.35961988594227,412.18199351471793,642236.4488222844
345,412.5941755082326,413.47696220872365,412.3816945461949,413.1704893737644,1059029.1945918999
346,413.35694317379784,415.2137654643215,413.3391673599062,415.0248847759727,1049149.3439684433
347,414.7303632531703,414.82704644138767,413.44192437074065,413.7935895958803,2850159.1935375207
348,413.37979600628444,413.6826917813901,412.34061411364223,412.69263547852444,1474635.4006512235
349,413.10532811400293,413.5161370041982,412.38994072444484,412.4359318080353,1544365.4769379492
350,412.8483677398433,413.13112381509876,411.0897155556541,411.37716676862715,1044752.1958820601
351,411.54122159345553,413.3996559116241,411.4334783289422,413.24350205113814,0.0
352,413.31465768616454,415.51176561401667,413.27935520801026,415.11830452062037,2517615.203393964
353,414.9193713861551,416.3650724070326,414.72660029177916,416.04425164928904,759454.406292167
354,415.75765030084233,416.0759698993328,413.4184234620013,413.7763246336273,221059.92698516615
355,414.17352302777664,414.76152330913914,414.003487056571,414.50935695577556,1140398.6430303345
356,414.86145173480105,414.9690262080299,413.0623485021626,413.34914016434675,2913820.88129289
357,413.3465561474495,413.99912806423754,413.11448012150635,413.8885782846976,1082796.6538518872
358,413.68435990171986,413.7614184978853,413.391110708051,413.6941690569848,1324802.7358891508
359,413.9035204428472,413.92517226383006,411.1342117838004,411.48327329930765,430494.07154131576
360,411.5561479914826,411.60615830405266,408.8993353756534,409.240208941829,995083.788511277
361,408.84088076377316,409.2960931478749,408.5529666617468,409.17206022306976,1646306.661416425
362,408.7628881628467,411.3089784869656,408.69925254051395,411.02839138167667,1941303.733666495
363,411.24544706033686,411.2814588229782,410.7078894110348,410.7501559651338,686749.6281708849
364,411.1609061210989,411.40504440520476,410.86183931305607,410.8732603360676,3533465.451467441
365,410.9253342143191,411.5966858085495,410.54037115612294,411.272056102958,410157.9793134042
366,411.59364324753125,412.3709531743789,411.5002812055818,412.1701437165562,1066898.9995093562
367,412.18330108396765,413.4822567549509,412.12079168815825,413.1556738136774,271920.6694992967
368,413.41308016830925,413.75299872025363,410.91279975290547,411.25695400790374,4286256.5637982
369,411.2297426233771,411.3040977586593,408.8696687311127,409.0151233548522,1263578.1778196273
370,408.6061082314974,408.9990668913062,408.5769057878006,408.9701292004339,1812966.8820335772
371,408.5611590712335,408.79702930929216,408.4521765371469,408.77644501434025,1110575.5956761413
372,409.1852214593545,409.22873144357106,407.1730511149617,407.29978231998695,1164027.2058284348
373,407.7070821023069,407.8659065948082,406.4032298388909,406.574531195144,1267242.4989923707
374,406.38324441224125,406.60901708737146,406.14757543819974,406.41247526739676,0.0
375,406.3155344433023,407.71816935518734,405.96548293229654,407.53803103691354,1647312.447316431
376,407.4674665582874,409.34193633865596,407.277063498836,409.2640301524159,1445361.277981726
377,409.2116786059466,409.496820320576,409.1265032439135,409.1704719572685,1420013.7158465735
378,409.03640549579546,411.3351364197833,408.69843956955305,411.0267959102336,876063.7857211193
379,411.42553138187117,411.75333637968384,408.9876467954069,409.07424244038344,547880.4610095784
380,409.077977726667,409.9631209536215,408.714649451884,409.6885638445978,845348.4067934509
381,409.7794680097729,410.184375496888,408.51888420651306,408.8312000469736,1448991.3077866915
382,408.42236884692664,408.59402458820074,407.9514349360726,407.9887198317336,2397930.007400988
383,407.73971769609165,408.1734438581942,407.73592148014745,407.84632373469304,2332624.71207714
384,408.2541700584277,408.4895597534236,407.6823578073323,408.07855771841025,2074500.1721449508
385,407.77247286948733,408.1358580714551,405.670407031232,405.9302237839747,994590.8800732221
386,406.31517291875605,407.98702627381874,406.1015853924428,407.77184738412876,700046.7192603464
387,407.6327081705282,409.4486281934546,407.4870120429604,409.2426586442928,3107642.8878153763
388,409.3110463288795,409.4443779448994,408.68624849549457,408.99286353677047,3233980.5942731043
389,408.5838706732337,408.8155168456317,408.5341880220877,408.61810965515593,834089.4131081789
390,408.80986217585695,409.19244975382355,406.59862888987163,406.8584822436951,0.0
391,406.89909567376407,407.06453826848247,404.5618648941702,404.64062839816376,773801.3123983038
392,404.2359877697656,405.09096069447247,404.09871763366397,404.8440474802,1445542.972291736
393,404.8968923992669,405.13681086321554,404.2867318046859,404.55090099893357,1898597.4695844734
394,404.9554518999325,405.25880570953495,404.5074782400029,404.7943311879358,154624.8342537966
395,404.894929717907,405.0221081372062,403.8739979640376,404.22280903525547,1281107.6278811852
396,403.95850958747826,406.1770345940229,403.8893618801127,405.8421374707939,1665842.7386759808
397,405.70485846631374,405.9534187300278,404.22659819284644,404.4554738860332,3107320.8944601063
398,404.8599293599192,405.3742495956927,404.8394978274678,405.04108526507684,1427784.1782539259
399,404.6360441798118,404.71155527012036,404.12594612734017,404.4192766153311,92824.43303072685
400,404.59848349291036,404.91597510927244,401.9729334718217,402.2952777913425,1783581.3710585195
401,402.69757306913385,403.68210470371133,402.5700366278454,403.4050754057444,177542.1053805526
402,403.47373551636286,404.1486319574635,403.45314101590566,404.1059730470921,557048.7158542903
403,404.31653443701106,404.61149498749995,401.64046630763346,401.90312359098107,1884113.6397174583
404,402.0767328637971,402.3069523275965,401.901844610775,402.23962107411927,1898027.9691573486
405,401.83738145304517,403.64294291785205,401.6381211188998,403.33390614797514,397784.0201101393
406,403.16131179369177,403.37986500606803,402.5543180034484,402.65416662078906,1136935.1703766575
407,402.6784845966128,402.75268591771754,402.4141174417352,402.50725420353467,1807201.8497971199
408,402.8232815739368,403.19662428428217,401.6811905497266,402.0158086366348,0.0
409,402.4178244452714,402.55112341147657,402.1808147531093,402.26456946675864,1342099.664112028
410,402.3789033283876,402.59025308070215,401.42571826461096,401.53101833352684,0.0
411,401.91254963785985,402.10295942412995,401.6485629102896,401.7716225712702,4209407.109989012
412,401.88004347564134,402.2948937179731,401.80880061378843,402.1087517253157,1949942.650321191
413,401.70664297359036,402.69530334856233,401.34425820796986,402.39803943090624,1269953.9140733927
414,402.4291313339416,402.71981791925225,400.0288679992301,400.2045002074778,2519603.4721435476
415,400.0374273799859,402.11802764531194,399.6471570204036,402.02014735392476,955531.9198285051
416,402.1754556664287,402.81810751429924,402.0003677259852,402.4744676998485,1648590.338062728
417,402.08616687010147,402.2028944505568,400.2312801727324,400.28051185310363,603086.5287997515
418,400.5271863569528,400.75667959522866,397.809035880073,398.156499652723,342531.2175846994
419,398.04000757532265,398.5378765040259,397.6476589412363,398.3272678926552,1764038.1429848797
420,398.410576756151,398.71647568886317,397.86969209745035,397.9324970198179,1561918.9136531015
421,397.53456452279806,400.01601884385644,397.31544086692537,399.73783654578017,579751.6632787284
422,399.474807453633,400.16890712771584,399.13315834038184,400.1627850563027,900841.3112602908
423,399.88820452383993,400.25172935425365,399.6678106966392,399.81176798935337,1243552.6499934616
424,399.6060570337262,400.0505730111809,399.44987320831143,399.83771184005246,478379.19122439343
425,399.73959219811906,399.86530069968137,398.32022889837253,398.4118777475522,198499.6122175255
426,398.01346586980463,400.5920979941342,397.80400999960733,400.2193921272453,931522.2363761109
427,399.81917273511806,401.0743264925611,399.59586486693377,400.82805818425106,1865093.2087851604
428,400.78868774835456,400.8958935967204,399.6852489579492,399.9688419810769,1154486.764265815
429,399.6329386495467,399.84700951084625,397.56006062484755,397.78854472049494,168725.12012024608
430,397.50354918636384,397.6287290104147,396.12595620123614,396.47620943165896,1308933.724383222
431,396.8726856410906,397.1188535084848,395.3350459856206,395.670997300399,0.0
432,395.38509275804586,397.59599674759494,395.1692346553678,397.4660768579948,0.0
433,397.8635429348527,398.1597311630179,395.58652232745254,395.5937763323994,696617.3441308164
434,395.23965219332007,395.5749619223416,394.54149945877293,394.54807208632803,2100859.8564216928
435,394.75047689314295,396.6154353628844,394.5596750051984,396.3380571585806,2077387.424474632
436,396.72361425302626,396.85755206045843,396.5644637442384,396.6461602912602,2320719.325317175
437,396.2495141309689,396.5236407862058,395.2314979317556,395.44290158264425,1232837.1899606057
438,395.07616711912846,395.2504097245119,394.6862159751211,395.1220704652249,1453137.9259740906
439,394.9686852737338,395.9103877610485,394.7340418053625,395.5529360473424,1867493.1552999788
440,395.45945499434623,395.60900403247103,393.8176626017529,394.1978574412386,1507863.8802798716
441,394.23382785782246,394.44470121115023,391.865776014688,392.0490187855839,1728567.6989417346
442,391.6569697667983,391.7513401371161,390.2094581394924,390.50121470698997,62050.08553829091
443,390.8917159216969,391.6073040214235,390.7454218414654,391.4529212341202,1410650.7420664416
444,391.06146831288606,392.6399857232842,390.90013033859225,392.31844807303577,339925.6637289728
445,392.148260000053,392.28370796582715,390.6542781410372,390.75506264480504,0.0
446,390.9512017701749,391.7716685867708,390.8701786748842,391.5288136894923,1995823.5091807635
447,391.7778181448311,392.32754438412894,391.5219657100363,392.0524220084226,1887628.5074151726
448,392.3760506036986,392.74945610896805,391.78434284956955,391.8101336675671,614815.1533461367
449,391.4183235338995,392.5838924300154,391.0337359667725,392.50901495934716,0.0
450,392.498361717224,394.351092022817,392.4012778563409,394.2897492404364,752780.0093667968
451,394.2901598454726,394.44659191946477,393.6946072266866,394.06902629704496,554985.0550463424
452,394.463095323342,395.3092931432903,394.077288960461,395.0843968689046,2378232.998708849
453,395.4794812657735,395.5440167463327,394.44973245587875,394.6970130835259,1637497.6056100205
454,394.9415784552215,395.68591388136036,394.7757459539806,395.6053368515788,0.0
455,395.2097315147272,395.8000808753214,395.17677673339307,395.78129772179284,566338.0245359356
456,395.38551642407106,395.58190456568263,394.8571791148308,394.9211948096257,794919.5708346533
457,395.3161160044353,395.3674476969224,394.701369314015,394.7668156547698,369643.29946388945
458,395.01338862910603,395.23603714208474,394.87245356842925,395.02430146822735,2277661.2575148167
459,395.20974802845154,395.3318141854046,394.79458019941626,394.9495140170552,0.0
460,394.9864327944504,395.1290572706638,394.90367006145453,394.9879605528798,2998779.684376221
461,395.06635235299694,395.4018137446906,394.4802579719438,394.54451380771144,2688372.5107748583
462,394.2986402474474,394.57599604621055,394.20490787201936,394.41277670135605,0.0
463,394.630755572832,394.64312459895314,392.03539000504384,392.2627664847573,1199712.557915349
464,392.42027377863,392.7150240889503,392.0518699269781,392.48419346850574,1596271.0756047277
465,392.3652124077093,394.34554989252626,392.22695420128747,394.26481513949443,2610887.172407529
466,394.6590799546339,395.205202099394,394.3801715928841,395.051687336815,621910.6971417461
467,395.34756112052474,396.1913001916765,394.9671791975258,395.8165169363973,1973625.5087097634
468,396.21233345333366,397.4051086856787,395.8567032343179,397.332178667066,1593552.1772431936
469,397.729510845733,397.95147905553694,397.53212369649106,397.81497252357354,626809.8874716505
470,397.41715755104997,398.3525496115084,397.030806678497,398.18136968704306,0.0
471,398.0784768203534,398.1691878453477,396.38483101045114,396.74096645906764,0.0
472,397.05833638737636,398.76506090746085,396.6990328340849,398.5409002510579,547390.7968925259
473,398.9154535947057,399.6324910977197,398.5556605118312,399.24033913210263,1836890.7101686094
474,399.2941573987305,399.5626205862133,397.9745371206538,398.0838311652758,987688.6856064546
475,398.3857713519354,399.3865942007074,398.1293512175807,399.2003622207287,1081950.966234449
476,398.9496722510274,401.3262814480345,398.9213195525387,401.01145379553833,412818.2503801391
477,400.6104423417428,401.7231269093219,400.534337452263,401.5135486054322,1267660.2434226696
478,401.9150621540376,402.00415683797536,401.3027999407749,401.52253998767617,4029729.0582079636
479,401.4949618041464,403.2481734826454,401.1765458547321,403.05102827918773,2285632.9696286125
480,403.4540793074669,403.5084930368571,402.8586399093848,402.86043576434514,243650.8885865215
481,402.4575753285808,403.65183039687946,402.4190572115835,403.32575942295875,1607474.2341241543
482,403.26782740076305,405.3372868402595,403.14565038993084,405.1555670933003,1106184.4246855879
483,405.1449014389156,405.4667577655575,402.8820731885186,402.94699612395254,349245.09544803144
484,403.0114575682315,403.05873113779506,401.8366624937518,402.2077956438511,1754790.5507006953
485,401.80558784820727,403.98791001810923,401.71804052794397,403.8283741915134,813340.8148071996
486,403.46045711659133,404.1316863414202,403.1663981762908,403.90553982091814,1201699.3139084817
487,403.82986828866063,403.9029084290661,403.6542923129929,403.7139607582591,0.0
488,404.1176747190173,404.6940905369954,404.10693393178076,404.4798668549599,0.0
489,404.0753869881049,404.5281289836127,403.96050541235434,404.3446998766663,510031.93099733954
490,404.56614693097566,404.88428088446386,402.4034532350281,402.5376788612342,0.0
491,402.5697938673455,402.86049747178305,402.32317488525285,402.3588547332615,667318.9897733538
492,402.3579730922147,403.33609736649885,402.11837232364724,403.0985032298091,309648.11943229905
493,403.43085174343463,404.2398147911287,403.1517374434655,403.9688316811463,2313879.057214437
494,404.3728005128274,404.63573017274047,403.01987751578747,403.25468086559533,622626.770936125
495,402.85142618472975,404.96982583269977,402.55802692085234,404.71031558581836,1682814.732567158
496,404.5945865299776,406.1367808153174,404.2071773022238,405.7324841015457,1092086.6522363466
497,405.44516944993427,405.5387169126526,403.2252884333382,403.5207682607964,1558156.0322853532
498,403.11724749253557,403.3724159204559,401.8111512016641,402.0842029720404,1921908.74841355
499,401.6821187690683,402.418093406154,401.6352410958055,402.1048775725788,1450622.9695989536
500,401.7992778529001,403.53099260400097,401.7001466802572,403.52535050245433,553498.5104257977
501,403.92887585295676,404.1119079848174,400.95392151104505,401.3256661172454,48910.42511794274
502,401.31933704327713,402.59172954084556,401.31902102216134,402.2677784402712,1573877.6912001115
503,402.18837301806354,402.6014147083215,401.9072710945523,402.3944078479179,902105.2427584068
504,402.39115455139273,404.4089149723586,402.3474167286155,404.2199901639001,1582309.457442163
505,404.624210154064,406.0859183638059,404.46287807092426,406.0538547788592,1249909.9552894963
506,406.14196683458135,406.19097679153367,406.1332940572054,406.1411662049814,474854.52036224434
507,406.1142055793622,406.41787973080284,405.5726849316114,405.9481530421846,766976.4868006106
508,406.1003434343831,406.22465378061736,405.16589682611817,405.23343981678374,2050285.8914042958
509,405.6386732566005,405.9746985095809,404.26453800127524,404.5479434916298,2201082.0963800577
510,404.7718112084414,404.94384403974595,403.1221991513565,403.5095465754356,0.0
511,403.5348445212444,403.5821439103908,401.7718674190774,401.83567568354573,1228314.0295441616
512,401.72683614642324,404.0116823195568,401.52717160054453,403.6587231443243,1368446.178509569
513,403.9004226126321,404.15055922736667,401.3696005122518,401.4583117224686,0.0
514,401.859770034191,401.92962518502196,400.25272840181145,400.43380857687464,658978.9017009812
515,400.0333747682978,400.25203533765267,399.9445464223483,399.9808427431035,1693309.47925884
516,399.9163419051642,400.4894343505255,399.7571871917197,400.3018370115964,2051385.041408897
517,400.70213884860794,400.92938687924664,400.22520236374726,400.27581988661194,0.0
518,400.216521348436,401.44523858040253,399.8224549542999,401.12361752683546,984341.6046036493
519,400.72249390930864,400.92851859249043,399.8266285012808,400.16699240097637,1057200.8082625256
520,400.5202140894753,401.4906519010378,400.2987791342293,401.3860850090129,1876241.6853326457
521,401.4987405847044,401.89611405559407,399.1667809639269,399.1980621189142,397377.6441922361
522,399.5484051416301,399.73007354428574,398.2013570383217,398.23935322015757,1693598.6967309653
523,398.3428562341625,398.65939570586136,395.8252364459221,396.06848369296847,342317.1899678424
524,395.73872937899745,396.0523228031615,393.7070797549917,393.9094479397798,813371.9149638258
525,394.1087827642718,394.13807415557613,392.70067129402526,392.94676026912356,1187292.2834763478
526,392.6910414775649,393.5352652934377,392.60161604603394,393.5097875372291,0.0
527,393.368119248142,395.3252001337159,393.2859371560504,395.29506212177404,0.0
528,395.3091932879485,395.48019070492745,394.44513069368486,394.54117983915677,2582626.2735842876
529,394.1466386593176,394.3819297622324,393.7324081529546,393.73802464504024,500631.44566246856
530,393.8610692550697,394.1816272939229,393.3002115014029,393.6075852693859,439153.8376893316
531,394.00119285465524,394.2514466054412,391.7266469708855,391.8974314261578,1661122.3352540892
532,391.6092282215729,393.35925292359326,391.4454652794262,393.316025475522,1737633.903549889
533,393.0939413057237,395.2080963190954,392.72397845359126,395.10042100065044,551328.1755175436
534,394.7796351508828,397.18091830107085,394.67819143734295,396.8929119685879,0.0
535,396.84722939831454,398.9693427845476,396.6311036617485,398.69353510672653,789420.239943993
536,399.09222864183323,400.3684387043576,398.89851445843095,400.27679289661745,2190321.2038149685
537,400.56443435039785,400.8221388275969,399.2453657606217,399.5896727070675,2575251.796689474
538,399.3552621587351,399.54862533384016,397.81001390206967,398.2010140069605,656079.4324697412
539,397.80281299295353,398.8431155172432,397.4829355780549,398.77646290927464,388710.281610143
540,398.7497204156304,399.0799309648372,397.701840633471,397.8324086740192,0.0
541,397.5500552588941,397.63834027901277,395.50193638095595,395.66375746982436,1260126.6077216847
542,395.7745065018427,396.09938723978263,395.5447466443756,395.632718366896,647878.6032558111
543,395.2370856485291,395.572379508344,395.22925998815197,395.57159006732513,648245.907568223
544,395.26574316321484,397.123407806684,394.94221437875086,396.78555605269617,2078640.2540000395
545,397.1823416087488,397.19457340034114,395.09490776584676,395.41278382390834,0.0
546,395.117172928963,397.023497548985,394.76117968866856,396.9277752195538,1720824.7909578374
547,396.93949690291646,399.0880978501865,396.8014977669874,398.72855652523447,743033.9779730056
548,398.7231903811399,399.01974372585425,398.010332195373,398.3299319732908,0.0
549,398.01025198271105,400.33030988910167,397.6781447889783,400.13707458152425,858147.5259748336
550,399.761078047892,400.4503271654255,399.7592734021693,400.18274423526407,1132067.5582304625
551,400.5829269794993,400.98225005440713,398.68666697529926,399.0408124277093,2058320.5440719025
552,398.95610363246266,400.44650725012366,398.66977172957246,400.27812488651733,287156.5350631551
553,400.6784030114038,400.99082181395914,398.0116986575493,398.0961416729293,2841576.3998382585
554,398.2500737988258,399.50132217771096,397.9805317662844,399.1211743192213,874998.0601325775
555,398.953376541443,399.248712777582,397.43084819503184,397.80213750038246,1698377.7912573284
556,398.1999396378828,398.487724981508,395.6053961843937,395.63365130943373,53900.96935514966
557,395.83551369202934,395.84658291650516,394.84315679238244,394.98927918303417,1479292.9123935155
558,395.38426846221716,395.54821791678705,394.631863378869,394.8940936085961,1263394.926449318
559,394.53093839058727,394.8754975155384,392.60487980008827,392.74145965278524,872760.4311494404
560,392.8867030127324,393.2432391668123,392.55914399069917,392.9383641682379,0.0
561,393.1798469646196,394.78459347142905,393.0364843644582,394.6685253997095,1216980.0783152701
562,394.8434606854593,395.02338877861104,392.9458522658513,393.30163204495375,2284846.6171346987
563,393.4142433803211,393.6229060535303,392.2389141874922,392.58007012718537,0.0
564,392.4301733497265,392.5361005452427,390.4509246363878,390.54311933126996,1464488.2604686143
565,390.2035844694652,390.28904213721097,388.1967411822274,388.41420326620965,0.0
566,388.8026174694758,389.0648071791419,386.0456207229803,386.2968922797891,1283156.5623001133
567,385.9105953875093,387.94360568789403,385.65319443203316,387.81723002773936,1288651.6919450276
568,387.73879859222365,388.9613811054741,387.40655271327097,388.6877715024707,2637042.7186612133
569,388.37144188761914,390.61231540508993,388.0948439866399,390.45116957226105,854830.0003012244
570,390.3746943452206,390.6637791272875,390.0171717794665,390.4398544622841,951220.2289949975
571,390.1180716180935,390.3817549052877,387.9724314899555,388.3115013113494,1543743.8373387246
572,388.2983135014965,388.6583206490113,387.255880553212,387.4364412912316,2236301.755039063
573,387.04900484994033,387.95457531334563,386.8199216225896,387.91227971947944,192653.4231301588
574,387.52436743975994,387.78173367036374,386.9375312675122,387.1596385426381,0.0
575,386.77247890409546,387.1216973514974,386.0878347395823,386.3318361780628,1389793.2707884677
576,386.71816801424086,388.24011935248143,386.5812578107396,388.0845458441827,1608577.6801591471
577,387.6964612983385,389.8988917111114,387.571499597819,389.84520720075625,0.0
578,390.0036905852457,390.59398782908073,389.7269911558327,390.45725799108357,2013174.030541609
579,390.1210696267709,390.34058715732925,389.33001764322347,389.6102389395965,525761.812124057
580,389.6865432727413,389.7303561028278,388.39915924663615,388.50836510049663,2085208.1996875594
581,388.7951532640363,389.07604538823637,388.49311673615443,388.6644829099367,0.0
582,388.7962700832565,390.5557819555571,388.5742513685708,390.4277753240771,2322392.628112817
583,390.6584850154967,390.798014428597,388.2496848020147,388.2994880185513,1928131.9817074158
584,388.4462673481065,388.8259944823172,388.0666439416022,388.5200413005308,657171.2732219071
585,388.4669182157536,389.123433678589,388.3317061791552,389.0183453587932,1794448.8998764283
586,389.2465141216095,390.85073051827266,388.88651155341284,390.7832431755345,2416812.644130391
587,390.9990904554437,391.0706406216514,390.03288091227483,390.1911373239256,446424.54404251324
588,390.28325866942873,390.46089305788064,389.8478525687163,390.0463832266912,1489247.9815175515
589,390.37093175150636,391.49480858795613,390.08230560911534,391.1986351182542,1308987.9671195897
590,391.1291515745937,392.02569452612636,390.9669583202378,391.8704075373004,1838638.8109358812
591,392.02208890620676,392.3823097752166,391.4155621012034,391.73720424919026,426075.77871612937
592,391.5355027247119,393.63279330948177,391.34383915399826,393.34350800550624,13406.808664615499
593,393.7248241842182,395.0651295391446,393.64359334201725,394.6710349927137,1269997.1073184735
594,394.68341722959343,396.8338825158494,394.61648935591984,396.46157792288636,0.0
595,396.687778651034,397.0488062058741,393.9982914989694,394.30039934710084,493378.3371584191
596,393.9060989477537,395.02792938715675,393.67901987417537,394.94456644692116,1126960.7669192727
597,395.0068976094106,395.39523478383006,393.9366688698713,394.2082119478481,1056744.718317294
598,394.6024201597959,395.3055899392088,394.36108669030585,394.94890863739204,3222154.867876712
599,395.34385754602937,395.62138973389426,394.8623193322107,395.0309300164728,2017845.3873226081
600,395.151007543354,396.91632837477124,395.1307280188332,396.74268297845344,0.0
601,396.345940295475,397.084147576248,396.1450108469811,396.9000257092791,1266291.445358892
602,397.2969257349883,397.666991805873,396.5331119718531,396.6243604936117,2505419.0883701146
603,396.89236327785926,397.16387446912364,396.1871885374887,396.4429419827075,1508992.4502971282
604,396.50671175782884,398.0270828231698,396.4957134325232,397.78495851879484,1266946.5956336127
605,397.54116742986713,397.89688143660874,395.4792635710833,395.61656597335684,556753.691987778
606,395.39375764387665,396.8509009116035,395.02403004130286,396.5073705222083,1051040.2784764387
607,396.20275633040575,397.2136354664361,395.973818412384,396.86007942879445,1267628.054262774
608,396.46321934936566,397.0452951685651,396.4209421536351,396.7753401690185,1645425.259024131
609,396.7088575355703,398.4796615763279,396.67905987611675,398.1914747755736,1127545.88961501
610,398.3911422699069,399.07306164663595,398.0550766715548,398.73477542885973,1809728.9817617382
611,398.6411238320446,399.4015660971384,398.4557911342748,399.31980922917666,2478766.8593343254
612,398.96912924778167,400.14518999834957,398.85141143186775,400.04487199070763,1154541.9018723988
613,400.2282296561415,401.76868984698626,399.98489357928304,401.59212644580094,1032651.8316051902
614,401.2068209804249,401.41182451400095,399.25806665720523,399.40298038926267,180346.2725630576
615,399.52183374766764,399.9038595360064,398.5980944806852,398.6992373751321,3051359.827648678
616,398.9376912370606,400.42943869513994,398.85650966803837,400.034781031074,875482.4389847646
617,399.8647130817606,400.25381670988816,399.2953842313727,399.6511907771002,0.0
618,400.05084196787726,401.2136028436173,399.841221369795,401.054493361028,103416.32751850644
619,400.96958783562985,401.7287840255854,400.7960852938865,401.572627501383,1594281.2224432896
620,401.76779835200864,402.25212483912236,401.49154165817316,401.90009698632923,2079783.9820331433
621,401.9046844840324,402.09262614138294,401.63076887884307,401.6590676722757,2620043.4172637267
622,401.74591549954005,403.5754083502352,401.72746766329027,403.4813138981068,1730785.6987247746
623,403.88479521200486,404.0635385633215,401.16852617513877,401.2818695638162,500926.05077275424
624,400.9051811675949,400.97418105086615,400.0903442351804,400.1515758769604,0.0
625,400.0327243026171,400.2109681749036,398.46764684152754,398.71626298377896,1255963.1209558297
626,399.1149792467627,399.14669624822415,398.5702870818863,398.74999780776557,3450822.0298691783
627,398.62443513683473,399.66209204504014,398.460611443717,399.548263428557,1911135.3688803152
628,399.85415016827784,399.9981046220652,398.04946257389804,398.172135949569,0.0
629,397.96976815403735,399.26001195060195,397.7407411799977,399.21177749282475,983520.9056777197
630,398.9368426542209,398.95031618425315,397.0776923042922,397.22302593552934,1003120.3197945243
631,397.18063799193595,397.4711676316175,396.2768871157656,396.6713537328827,11683.631247397047
632,397.06802508661553,397.25107826719056,395.3769518353337,395.63319905670704,2150811.5606774166
633,395.2972666252052,396.8712906034859,395.2147582937751,396.67191384945806,1289443.7455620174
634,396.2752419356086,396.6268139493392,394.473172785895,394.5095886972486,1241680.4003409492
635,394.73327219873653,394.8573859059416,392.10230353333793,392.3590507422181,253424.9476152421
636,392.6866950695944,392.72049078985106,391.34263297212027,391.59128852193084,2183294.3335590605
637,391.1996972334089,391.53367442707776,390.6833408259946,390.96901607556066,1196265.1375620973
638,391.34379041290975,391.4086807427854,390.2590001100614,390.6270589915536,1147119.5823970723
639,390.8316708230492,391.1213844631552,390.36152752250524,390.70640592448524,172217.60210399318
640,390.31569951856073,391.10158712583643,390.2752132731864,390.83974971024577,785657.2852925939
641,390.8452160278569,392.35826240475285,390.7822290628183,392.29727672188096,1493450.4555330821
642,391.91771959114163,392.23605852546024,390.5496980036563,390.58920321123827,0.0
643,390.35964799441234,391.11067571310446,390.32988785111814,390.822989235418,996782.9174866349
644,390.4321662461826,390.816677434872,389.2744989615675,389.4136130476705,949473.601718912
645,389.6820520070425,390.326168143489,389.3739886641414,389.97825522093103,1091226.2385687516
646,389.5882769657101,389.83632988457765,388.42802393285916,388.65874700027587,44911.69449029048
647,388.6544630006892,389.6519667720196,388.4575135542324,389.34759417799086,1816279.1837249943
648,389.19062912423175,391.3759316974082,389.13136427182934,391.1139857302567,1836747.9224673335
649,391.07501228563245,391.3278952457727,390.67550691953505,390.763557031806,0.0
650,390.8078027300251,390.8421728066154,389.2569623399613,389.39478060049805,481816.02846239053
651,389.77785678333623,390.1525733860875,386.9749379170571,387.27212432251645,484058.3518217846
652,387.08033901491973,387.70425147277655,387.0205966784791,387.4664399866097,2034266.743315518
653,387.0789735466231,387.1463176364725,385.4847938792447,385.71748680467016,963607.9936845375
654,385.87994139464524,386.2249955002484,383.733654329806,384.0684169903734,1551246.567877906
655,384.4524854073637,384.82526678849723,383.92678949588293,384.02890137870605,1127340.4416279178
656,384.4129302800847,384.6116403947858,382.33073304472026,382.39653091764245,0.0
657,382.284062287372,384.259471403264,382.22329007018766,384.1313868970527,0.0
658,384.0355309400109,384.28819184422355,383.65627063126044,384.21409912124943,2613497.654708366
659,384.59831322037064,384.8123362909487,382.46558674908704,382.5815208289046,2015302.4562963906
660,382.9641023497335,384.4356490740584,382.60219812042004,384.31721607025304,0.0
661,384.1070088096155,386.326284310476,383.8490055190573,386.06078581103964,1572187.8098761656
662,386.2054558295974,387.5576676750719,386.090352953764,387.3120654872546,2255826.538970878
663,387.6057530752571,387.7474227422207,386.6471654253145,386.9708145825829,2255395.801368279
664,386.5838437680003,386.687652780477,386.544821102709,386.6435253956521,0.0
665,386.35658027607025,388.50657492769113,386.2463740366344,388.39764913292356,1973992.9357823282
666,388.00925148379065,388.11140026895083,387.6838207433052,387.74120684452055,476534.29568366683
667,387.7971310726187,388.0827229511284,386.6813076593723,386.89270863756207,1448888.0705923685
668,386.906606260196,387.3966466919889,386.68392245025046,387.3048157731594,2691911.5525713004
669,387.69212058893254,388.72058664302546,387.68629211104565,388.44384251291655,1255660.7614015215
670,388.79973373734856,388.85687248217965,388.3823651480877,388.720035453837,651864.6296029177
671,388.66011842247343,390.43633698700796,388.35170097454477,390.3538962686933,2568271.95455514
672,389.96354237242457,390.2666214695264,388.3707727829905,388.4659027301536,949343.9441472228
673,388.8543686328837,389.0786285243129,388.81741802600357,388.87158659434624,1502054.867292563
674,389.0652885953618,389.44833070490455,387.72102006929373,387.9725220498887,513181.47303460736
675,388.10098689617837,388.35536097878213,387.8545209934782,387.9955667293583,1298421.2120257546
676,388.3649619633831,389.18237000451387,388.15367214563753,388.85075365131274,600607.3698614591
677,388.46190289766145,390.0299531541131,388.2467849710202,389.82904801427736,712777.1257925385
678,390.0600635140793,390.1108336208959,389.52259226596203,389.605665708931,657373.7333409366
679,389.3894793895293,391.0889173012292,389.2108601527897,390.7201183600386,1504380.4219476862
680,390.9522765286437,391.3141517592985,388.20666022651994,388.5902374435773,1951966.2524892688
681,388.2016472061337,390.3097974412052,387.95504433695294,389.96860941241806,3134832.2460905258
682,389.57864080300567,391.9087213471682,389.41472995671836,391.73781838562167,2835950.601908046
683,392.12955620400726,392.95456025091397,391.92741416843523,392.5817805059438,1175142.5302349518
684,392.39391663178264,392.66146766732606,390.8008966911343,390.99765256388184,2771350.3039601706
685,391.199956351523,391.4323788028728,390.8341178755438,391.2899691645716,1464934.1487520481
686,390.898679195407,392.9358853736807,390.7759758642172,392.563941700782,1013645.3752248312
687,392.1713777590812,392.5384819545219,390.2267708224672,390.51789935928053,184056.9716176371
688,390.6026868137808,391.0575274768182,390.3090398780858,391.01513962968266,2101599.746553683
689,391.2788910645463,391.56487018939254,389.9178898208959,389.93811809857584,2462405.273685375
690,390.3280562166744,390.37175347358027,387.55546635236374,387.8124999967362,1137544.2869499591
691,388.2003124967329,388.27680380810654,385.4913362088715,385.6984689957856,1675141.1406841786
692,385.34537130218814,385.50344235058037,384.9744668254006,385.2428889362344,1878404.3134178491
693,385.0208781538876,385.6658588995135,385.0090513999508,385.5815346779024,1254391.9329783611
694,385.7393853699304,387.33647608315266,385.7281985538673,387.3308403773577,851159.4624567942
695,386.94350953698034,387.86476005835124,386.67794312289055,387.8546594452041,2228529.3761716885
696,388.2425141046493,388.48170822146267,386.4128596965895,386.5463326935308,805677.1182471057
697,386.9328790262243,386.96617552112014,385.16888190764524,385.28718798749185,2564781.5840078257
698,384.90190079950435,387.3772419710653,384.6502559748298,387.03515829534547,66474.0555083598
699,386.6481231370501,387.0327800591372,386.1905085582406,386.44102573975283,1776751.4173416765
700,386.82746676549255,388.2458090903319,386.60141373092534,387.9856943678288,1325048.7902639343
701,387.87116557196487,389.46046432499065,387.86725846331444,389.3664563062423,774259.1275026222
702,389.08364811203364,389.6202015138557,388.9559892243042,389.58837047623507,1433060.6456294477
703,389.1987821057588,389.4167332523103,388.70239129367104,389.0814638174662,600860.8481659339
704,388.94818312190813,389.2496910132044,388.7357169581895,388.8354863056504,0.0
705,388.5628407160054,388.7199808801568,387.4839615880657,387.71136381698506,1069941.318147975
706,388.0603058382393,388.68616987743263,387.7601640949482,388.6450420940039,1714920.2546575542
707,388.6922496634121,389.8508333172262,388.49430754890295,389.66881772079245,125173.55010749621
708,389.40699950284755,391.4224691039218,389.0185256646881,391.3920641708351,0.0
709,391.0006721066643,391.05667652693904,389.19632301174624,389.25852036502647,1942639.4646624075
710,389.64777888539146,389.9475894020511,387.4359303219107,387.53228106048795,1001607.5112533825
711,387.9198133415484,388.8478825601513,387.7287937215835,388.7128826794879,0.0
712,388.5722584752866,388.95208075960045,387.7010652194244,387.7056328357628,988766.9018621851
713,387.9122191736424,388.1760105265118,386.7691366988729,386.9676150804028,1892495.8013345334
714,387.011259929767,388.8332524022231,386.7535152925924,388.7232091472458,653047.3877637628
715,389.111932356393,389.38904455810376,387.27655917830543,387.50049700643325,826403.5864522851
716,387.6322125664497,387.91147551235736,385.17903991281804,385.38816678612767,0.0
717,385.1924652841158,385.27717785740435,383.30084630161275,383.43327191875983,0.0
718,383.31113032464026,383.71077471324384,383.0336306800562,383.704146969208,79113.26246361015
719,383.7788421828415,384.02181653447934,382.49370694663924,382.7380540120328,2045514.892805071
720,382.9671538922722,384.582190444914,382.770529280517,384.47445941288,1588940.996999794
721,384.58788091956427,384.6384439627857,384.3816586130161,384.43239116335,2122652.819716749
722,384.1168260428043,385.89882569069204,383.9157531565944,385.5940076253,1311286.7345706914
723,385.9796016329252,386.0587047772127,385.8760188599966,385.9878872508996,795135.6133577613
724,385.7838777951351,386.11600933361166,384.0126541173561,384.2366105624026,0.0
725,384.2882855564501,384.6345634069443,383.03762488649494,383.1991572168807,1141421.1174530066
726,383.1099074044348,383.360276865232,382.0414084132918,382.0492977365845,1370750.8917287518
727,382.32746159569314,382.5079039045357,379.90616404382155,379.96668291804883,307552.1337546103
728,379.5867162351308,379.756754758036,378.9948452424392,379.2341484910795,1683536.9906977364
729,379.6103965296814,379.96362521561224,378.5996397734361,378.96174175847347,0.0
730,378.582780016715,378.9475756273255,377.1982191813748,377.2874137551422,2437187.1110912426
731,377.6647011688973,378.2635578596543,377.56194347295576,378.16495411121724,707857.7873384461
732,378.12079752622685,379.0925871254672,377.8167348742242,378.87286552157957,333041.67380170256
733,378.85300506337467,378.89367532752914,378.42174934745003,378.7801466667303,1897052.217650819
734,378.79374542289906,378.8447600945414,377.9803766873367,378.15893647134527,3147772.710232545
735,378.40274544951984,378.73214070974626,376.27124516532444,376.33205122670813,1602678.5515275202
736,376.6904376283243,376.75190601476646,375.99889366833787,376.24783995362037,1610938.9813493863
737,376.1520543467751,376.2305377658261,375.11319543354193,375.29991684589197,2261919.876234486
738,375.2079486386568,375.30090123209,372.9137853708281,373.254094034938,1471174.2206042039
739,373.07180189207435,373.19453484505175,370.8875299735815,371.21978889963333,1194980.6704083558
740,370.93565489500844,373.1056134433155,370.84066256981174,372.87872754166534,0.0
741,372.70394433297696,372.784681061292,370.61267923131754,370.8461030398127,1479217.2349091973
742,371.2151778776189,371.5346494998659,370.51609107686363,370.81820592751467,2144776.686271187
743,370.7627605190286,371.08781744786774,370.07942987282473,370.32925966910585,494930.7151494166
744,369.95893040943673,370.00555255809587,368.82764130581654,368.9182792335578,2716553.5678139906
745,369.1671394147676,369.2119498270133,368.15774376383604,368.3225394754423,1608472.6365420858
746,368.29538407098795,368.489759603336,366.02519800080205,366.31475151913224,1268320.412748436
747,365.9484367676131,367.5088817303197,365.8176213422868,367.1459746032576,2239549.7717759083
748,366.77882862865437,368.647818343664,366.75380499493457,368.3369843961674,1571376.481925989
749,368.5179461145848,368.7415766591032,367.1385123400823,367.26318734081826,1255680.8210351353
750,367.62206766489817,369.1396334502379,367.47929972489663,368.92938639091557,0.0
751,368.56045700452466,369.07150108403783,368.55638248193435,369.00456400530703,60796.874411278404
752,369.26932177034234,369.4661568745568,367.5672412942536,367.6547571292026,0.0
753,368.0224118863318,368.28858685032037,366.53256286136286,366.62390969886405,976050.8507545261
754,366.9905336085629,367.63196091761887,366.65099930897,367.46170720902313,0.0
755,367.29488482312746,368.0631434698696,367.0135357983065,367.771773477172,921937.7694221346
756,367.40400170369486,367.49875088782966,366.8643461912523,367.215503998413,0.0
757,366.9102802847442,366.93391388920537,364.8643079601871,365.21375067821606,5517.196116319625
758,365.4089692763634,365.70845460020723,363.4033503097797,363.41258483029236,148317.2077936749
759,363.47545962499,364.09541160966137,363.4385725627127,363.99110944571055,422679.0320942316
760,364.0338320422414,364.3273677804346,361.71193486492444,362.0069328411784,406271.4763784567
761,362.0758851943029,362.24662401306927,359.9040610127144,360.03357231620373,1441595.4499259447
762,359.6812527463294,361.98082248809334,359.5992455677424,361.6669720602399,344110.33349381294
763,361.54347684322954,362.29679608140486,361.4484236640811,362.02994566308473,1367823.1026360071
764,361.8232797963403,362.81153100615865,361.4820389822259,362.6139605655512,1605888.761419815
765,362.3691222325048,362.7636854320594,362.1145911231092,362.6762757932955,1634678.0871127122
766,363.03895206908874,363.38777349444376,362.6079375697015,362.6779788555578,1127624.9510312106
767,363.0406568344133,363.36731253698474,362.17681363798687,362.2898972876372,957472.0368872157
768,362.4447799975774,362.56838063534656,361.87705196891017,362.032500364098,1836195.4488790317
769,361.6704678637339,363.81592701578865,361.4882335049882,363.67496884175466,1184751.2891361406
770,363.49860573743524,365.3759294551886,363.3860894477989,365.3248888678148,222318.65687661408
771,365.4308406338661,366.9894700859418,365.4007306032477,366.9822942484515,0.0
772,366.87706606358046,367.23874083006893,366.28822423178065,366.5860020472831,1498933.0529272507
773,366.95258804933036,368.4859050468842,366.67528185620534,368.2491288442069,4956194.102635974
774,367.8808797153627,368.6811883512052,367.66270911784073,368.5786486606894,1853216.9557269528
775,368.8504624861795,368.9737464789234,366.31545928062275,366.569464610243,0.0
776,366.41015195965673,366.99897747141125,366.3083611477053,366.80590939989213,794000.6034191895
777,366.4908532634559,366.7692012802182,364.72472838393156,364.89393389805184,2699476.904709773
778,364.72132830919634,364.9803747561097,363.6998753554268,364.0148584897007,0.0
779,363.650843631211,364.2684872589649,363.38866639431956,364.2325845445295,419071.87645795464
