Datetime,Open,High,Low,Close,Volume,Dividends,Stock Splits
2024-05-22 09:30:00-04:00,430.0899963378906,432.2799987792969,430.0299987792969,431.1700134277344,2031320,0.0,0
2024-05-22 10:00:00-04:00,431.1650085449219,432.4100036621094,431.1341857910156,431.9100036621094,973944,0.0,0
2024-05-22 10:30:00-04:00,431.8999938964844,432.1499938964844,430.760009765625,430.82000732421875,1357042,0.0,0
2024-05-22 11:00:00-04:00,430.8599853515625,431.82861328125,430.6000061035156,431.2699890136719,610240,0.0,0
2024-05-22 11:30:00-04:00,431.260009765625,431.32000732421875,430.07000732421875,430.5380859375,547557,0.0,0
2024-05-22 12:00:00-04:00,430.5249938964844,431.0950012207031,429.7699890136719,429.85888671875,527575,0.0,0
2024-05-22 12:30:00-04:00,429.8799133300781,430.20001220703125,429.3900146484375,429.7403869628906,481767,0.0,0
2024-05-22 13:00:00-04:00,429.8299865722656,430.7427062988281,429.7900085449219,430.6328125,417438,0.0,0
2024-05-22 13:30:00-04:00,430.5899963378906,430.59991455078125,429.0201110839844,429.6095886230469,471035,0.0,0
2024-05-22 14:00:00-04:00,429.57000732421875,429.57000732421875,427.67999267578125,427.80499267578125,772893,0.0,0
2024-05-22 14:30:00-04:00,427.7699890136719,428.4200134277344,427.60198974609375,428.1099853515625,2326154,0.0,0
2024-05-22 15:00:00-04:00,428.0899963378906,428.20001220703125,427.1300048828125,428.17999267578125,851760,0.0,0
2024-05-22 15:30:00-04:00,428.1700134277344,430.6300048828125,427.5299987792969,430.54998779296875,2316022,0.0,0
2024-05-23 09:30:00-04:00,433.0,433.6000061035156,429.7900085449219,430.1499938964844,2728880,0.0,0
2024-05-23 10:00:00-04:00,430.1650085449219,432.0,430.1650085449219,431.6700134277344,1303111,0.0,0
2024-05-23 10:30:00-04:00,431.70001220703125,432.75,430.62078857421875,430.6390075683594,1027907,0.0,0
2024-05-23 11:00:00-04:00,430.6700134277344,432.1099853515625,430.6000061035156,431.864990234375,699097,0.0,0
2024-05-23 11:30:00-04:00,431.92498779296875,432.1199951171875,431.610107421875,431.7749938964844,511985,0.0,0
2024-05-23 12:00:00-04:00,431.7550048828125,432.0799865722656,431.1499938964844,432.05450439453125,1122740,0.0,0
2024-05-23 12:30:00-04:00,432.0400085449219,432.1000061035156,430.2601013183594,430.2749938964844,437889,0.0,0
2024-05-23 13:00:00-04:00,430.2699890136719,430.6199951171875,429.6099853515625,430.10211181640625,542350,0.0,0
2024-05-23 13:30:00-04:00,430.1000061035156,430.1000061035156,427.19000244140625,427.3900146484375,766654,0.0,0
2024-05-23 14:00:00-04:00,427.32000732421875,428.0050048828125,426.80999755859375,427.08050537109375,593385,0.0,0
2024-05-23 14:30:00-04:00,426.9800109863281,427.239990234375,425.79998779296875,425.9508972167969,691876,0.0,0
2024-05-23 15:00:00-04:00,425.95001220703125,426.4267883300781,425.42401123046875,425.9700012207031,855895,0.0,0
2024-05-23 15:30:00-04:00,425.9750061035156,427.3399963378906,425.8599853515625,427.1499938964844,1525198,0.0,0
2024-05-24 09:30:00-04:00,427.2099914550781,427.4100036621094,424.4100036621094,425.510009765625,2087804,0.0,0
2024-05-24 10:00:00-04:00,425.510009765625,427.2605895996094,425.360107421875,427.010009765625,925926,0.0,0
2024-05-24 10:30:00-04:00,427.02789306640625,428.1600036621094,426.8699951171875,427.9389953613281,657399,0.0,0
2024-05-24 11:00:00-04:00,427.95001220703125,429.6600036621094,427.95001220703125,429.25,656358,0.0,0
2024-05-24 11:30:00-04:00,429.2900085449219,429.9700012207031,428.8599853515625,429.760009765625,580827,0.0,0
2024-05-24 12:00:00-04:00,429.739990234375,430.33209228515625,429.635009765625,430.1099853515625,440211,0.0,0
2024-05-24 12:30:00-04:00,430.1300048828125,430.1499938964844,429.3500061035156,429.7327880859375,318688,0.0,0
2024-05-24 13:00:00-04:00,429.7550048828125,430.4700012207031,429.6199951171875,430.2699890136719,337982,0.0,0
2024-05-24 13:30:00-04:00,430.239990234375,430.5199890136719,429.82000732421875,430.3999938964844,361419,0.0,0
2024-05-24 14:00:00-04:00,430.3699951171875,431.05499267578125,430.32000732421875,430.409912109375,715433,0.0,0
2024-05-24 14:30:00-04:00,430.3949890136719,430.5242004394531,429.7300109863281,429.7300109863281,399792,0.0,0
2024-05-24 15:00:00-04:00,429.7099914550781,430.0664978027344,429.1600036621094,429.82000732421875,458722,0.0,0
2024-05-24 15:30:00-04:00,429.82000732421875,430.4403076171875,429.5299987792969,430.1300048828125,1296795,0.0,0
2024-05-28 09:30:00-04:00,429.8500061035156,430.82000732421875,426.62799072265625,428.0050048828125,2944254,0.0,0
2024-05-28 10:00:00-04:00,428.0,429.9100036621094,427.6200866699219,428.45001220703125,1112732,0.0,0
2024-05-28 10:30:00-04:00,428.3800048828125,428.79998779296875,427.7701110839844,428.5799865722656,854603,0.0,0
2024-05-28 11:00:00-04:00,428.6205139160156,429.32000732421875,428.260009765625,428.44000244140625,603449,0.0,0
2024-05-28 11:30:00-04:00,428.4599914550781,428.8699951171875,427.9800109863281,428.42498779296875,694322,0.0,0
2024-05-28 12:00:00-04:00,428.4800109863281,428.9482116699219,428.3399963378906,428.9100036621094,556654,0.0,0
2024-05-28 12:30:00-04:00,428.8900146484375,429.1499938964844,428.7004089355469,428.7900085449219,403835,0.0,0
2024-05-28 13:00:00-04:00,428.8299865722656,429.31781005859375,428.4100036621094,429.0599060058594,425439,0.0,0
2024-05-28 13:30:00-04:00,429.0350036621094,429.3500061035156,428.42498779296875,428.7301025390625,421293,0.0,0
2024-05-28 14:00:00-04:00,428.739990234375,429.3399963378906,428.5465087890625,428.7200012207031,473386,0.0,0
2024-05-28 14:30:00-04:00,428.7200012207031,428.8999938964844,427.9200134277344,428.82000732421875,781965,0.0,0
2024-05-28 15:00:00-04:00,428.80999755859375,429.5899963378906,428.6199951171875,428.8299865722656,1268085,0.0,0
2024-05-28 15:30:00-04:00,428.82000732421875,430.4599914550781,428.52978515625,430.32000732421875,1665379,0.0,0
2024-05-29 09:30:00-04:00,425.82000732421875,430.4100036621094,425.75,429.44500732421875,2249118,0.0,0
2024-05-29 10:00:00-04:00,429.4599914550781,430.3800048828125,428.6449890136719,430.1400146484375,1090940,0.0,0
2024-05-29 10:30:00-04:00,430.1700134277344,430.69000244140625,429.5201110839844,429.8999938964844,993280,0.0,0
2024-05-29 11:00:00-04:00,429.9150085449219,430.0199890136719,428.67999267578125,429.239990234375,682057,0.0,0
2024-05-29 11:30:00-04:00,429.260009765625,430.2300109863281,429.0400085449219,430.1499938964844,596028,0.0,0
2024-05-29 12:00:00-04:00,430.1549987792969,430.4049987792969,429.8999938964844,430.2799987792969,468333,0.0,0
2024-05-29 12:30:00-04:00,430.2799987792969,430.94000244140625,430.19000244140625,430.760009765625,500913,0.0,0
2024-05-29 13:00:00-04:00,430.739990234375,430.82000732421875,429.69000244140625,430.1935119628906,618003,0.0,0
2024-05-29 13:30:00-04:00,430.1495056152344,430.54998779296875,429.5400085449219,430.5050048828125,475499,0.0,0
2024-05-29 14:00:00-04:00,430.5199890136719,430.54998779296875,430.0199890136719,430.1050109863281,951049,0.0,0
2024-05-29 14:30:00-04:00,430.04998779296875,430.1099853515625,429.32000732421875,429.489990234375,561350,0.0,0
2024-05-29 15:00:00-04:00,429.5295104980469,430.38470458984375,429.3550109863281,430.0,577726,0.0,0
2024-05-29 15:30:00-04:00,429.9800109863281,429.9800109863281,428.5799865722656,429.510009765625,1744228,0.0,0
2024-05-30 09:30:00-04:00,424.0419921875,424.19000244140625,420.635009765625,421.6000061035156,3369855,0.0,0
2024-05-30 10:00:00-04:00,421.6499938964844,421.7349853515625,417.75,420.2699890136719,2935803,0.0,0
2024-05-30 10:30:00-04:00,420.2699890136719,420.3299865722656,417.6000061035156,418.05999755859375,2471919,0.0,0
2024-05-30 11:00:00-04:00,418.0450134277344,419.6000061035156,417.92999267578125,419.1499938964844,2019373,0.0,0
2024-05-30 11:30:00-04:00,419.1499938964844,420.2699890136719,419.0,419.07000732421875,1253823,0.0,0
2024-05-30 12:00:00-04:00,419.07501220703125,419.6000061035156,419.0199890136719,419.135009765625,803718,0.0,0
2024-05-30 12:30:00-04:00,419.1449890136719,419.9200134277344,419.05999755859375,419.6700134277344,735247,0.0,0
2024-05-30 13:00:00-04:00,419.6499938964844,420.239990234375,419.3500061035156,419.5450134277344,697326,0.0,0
2024-05-30 13:30:00-04:00,419.55999755859375,419.6600036621094,419.0,419.17999267578125,1019052,0.0,0
2024-05-30 14:00:00-04:00,419.19000244140625,419.29998779296875,417.95001220703125,418.1449890136719,1588408,0.0,0
2024-05-30 14:30:00-04:00,418.1199951171875,418.3699951171875,417.239990234375,417.8399963378906,1024705,0.0,0
2024-05-30 15:00:00-04:00,417.8800048828125,418.19500732421875,416.30999755859375,416.7084045410156,1270048,0.0,0
2024-05-30 15:30:00-04:00,416.7300109863281,416.8500061035156,414.239990234375,414.6400146484375,3672119,0.0,0
2024-05-31 09:30:00-04:00,416.4100036621094,416.6300048828125,411.3399963378906,412.25799560546875,3588201,0.0,0
2024-05-31 10:00:00-04:00,412.25,412.7300109863281,410.04998779296875,410.19000244140625,5401313,0.0,0
2024-05-31 10:30:00-04:00,410.1499938964844,410.2300109863281,406.05999755859375,407.6600036621094,2635234,0.0,0
2024-05-31 11:00:00-04:00,407.6600036621094,407.8937072753906,406.5101013183594,406.8299865722656,1216867,0.0,0
2024-05-31 11:30:00-04:00,406.7900085449219,407.2300109863281,406.29998779296875,406.44000244140625,1028438,0.0,0
2024-05-31 12:00:00-04:00,406.4599914550781,406.6400146484375,404.5199890136719,405.4599914550781,1820064,0.0,0
2024-05-31 12:30:00-04:00,405.45001220703125,406.1499938964844,404.8699951171875,405.50640869140625,960676,0.0,0
2024-05-31 13:00:00-04:00,405.510009765625,407.0799865722656,405.5,406.6099853515625,840020,0.0,0
2024-05-31 13:30:00-04:00,406.614990234375,406.8599853515625,405.29998779296875,406.510009765625,1034224,0.0,0
2024-05-31 14:00:00-04:00,406.57000732421875,406.6199951171875,405.3999938964844,405.4125061035156,746742,0.0,0
2024-05-31 14:30:00-04:00,405.4100036621094,406.7699890136719,405.2200012207031,406.3999938964844,914959,0.0,0
2024-05-31 15:00:00-04:00,406.3999938964844,407.92999267578125,406.0899963378906,407.3299865722656,1274379,0.0,0
2024-05-31 15:30:00-04:00,407.2699890136719,415.7300109863281,406.7799987792969,415.3074951171875,7060933,0.0,0
2024-06-03 09:30:00-04:00,415.5799865722656,416.4100036621094,412.9491882324219,413.17999267578125,3109454,0.0,0
2024-06-03 10:00:00-04:00,413.510009765625,414.5909118652344,412.69000244140625,414.1499938964844,1234782,0.0,0
2024-06-03 10:30:00-04:00,414.0799865722656,415.0400085449219,412.2200012207031,412.57000732421875,1043096,0.0,0
2024-06-03 11:00:00-04:00,412.57000732421875,412.9200134277344,411.25,412.4624938964844,1077132,0.0,0
2024-06-03 11:30:00-04:00,412.44000244140625,412.79998779296875,411.489990234375,412.1199951171875,773592,0.0,0
2024-06-03 12:00:00-04:00,412.1650085449219,412.4198913574219,408.92340087890625,409.0899963378906,894851,0.0,0
2024-06-03 12:30:00-04:00,409.1000061035156,410.6700134277344,408.92999267578125,409.94000244140625,727806,0.0,0
2024-06-03 13:00:00-04:00,409.8299865722656,410.9700012207031,409.2379150390625,410.9100036621094,708919,0.0,0
2024-06-03 13:30:00-04:00,410.9100036621094,412.3999938964844,410.8800048828125,411.95001220703125,873032,0.0,0
2024-06-03 14:00:00-04:00,411.9100036621094,412.2300109863281,410.6400146484375,410.7998962402344,737916,0.0,0
2024-06-03 14:30:00-04:00,410.9599914550781,411.57000732421875,410.67999267578125,410.95001220703125,500243,0.0,0
2024-06-03 15:00:00-04:00,411.010009765625,412.25,410.840087890625,411.8299865722656,654975,0.0,0
2024-06-03 15:30:00-04:00,411.8800048828125,413.7099914550781,411.33740234375,413.6499938964844,1748804,0.0,0
2024-06-04 09:30:00-04:00,412.0799865722656,412.5,409.67498779296875,411.3900146484375,2011132,0.0,0
2024-06-04 10:00:00-04:00,411.3900146484375,412.79888916015625,410.95001220703125,412.54998779296875,1208375,0.0,0
2024-06-04 10:30:00-04:00,412.5400085449219,413.42999267578125,412.1400146484375,412.2799987792969,633110,0.0,0
2024-06-04 11:00:00-04:00,412.2799987792969,413.04901123046875,411.5,412.20989990234375,542313,0.0,0
2024-06-04 11:30:00-04:00,412.1199951171875,412.4849853515625,411.6099853515625,412.1600036621094,427252,0.0,0
2024-06-04 12:00:00-04:00,412.20001220703125,412.59271240234375,412.0299987792969,412.39990234375,370870,0.0,0
2024-06-04 12:30:00-04:00,412.3500061035156,413.3699035644531,412.30999755859375,412.8940124511719,524421,0.0,0
2024-06-04 13:00:00-04:00,412.9049987792969,413.54998779296875,412.260009765625,413.4700012207031,324113,0.0,0
2024-06-04 13:30:00-04:00,413.5,413.79998779296875,413.05999755859375,413.4599914550781,426436,0.0,0
2024-06-04 14:00:00-04:00,413.4100036621094,415.3699951171875,412.9159851074219,415.21038818359375,717314,0.0,0
2024-06-04 14:30:00-04:00,415.25,415.2900085449219,414.4100036621094,414.5299987792969,411460,0.0,0
2024-06-04 15:00:00-04:00,414.510009765625,414.5379943847656,412.9700012207031,414.2699890136719,482561,0.0,0
2024-06-04 15:30:00-04:00,414.32000732421875,416.44000244140625,413.9700012207031,416.07000732421875,1704637,0.0,0
2024-06-05 09:30:00-04:00,417.80999755859375,418.6650085449219,416.29998779296875,418.2349853515625,2030555,0.0,0
2024-06-05 10:00:00-04:00,418.2300109863281,418.5199890136719,416.7300109863281,418.1000061035156,1116982,0.0,0
2024-06-05 10:30:00-04:00,418.17999267578125,419.9079895019531,418.17999267578125,419.6400146484375,908987,0.0,0
2024-06-05 11:00:00-04:00,419.69000244140625,420.8299865722656,419.6300048828125,420.54998779296875,831742,0.0,0
2024-06-05 11:30:00-04:00,420.5899963378906,421.1099853515625,420.11419677734375,420.6600036621094,692931,0.0,0
2024-06-05 12:00:00-04:00,420.6000061035156,421.73980712890625,420.2300109863281,421.6700134277344,639737,0.0,0
2024-06-05 12:30:00-04:00,421.63751220703125,422.75,421.5899963378906,422.3800048828125,713188,0.0,0
2024-06-05 13:00:00-04:00,422.3937072753906,423.3500061035156,422.1600036621094,422.860107421875,706896,0.0,0
2024-06-05 13:30:00-04:00,422.885009765625,423.32501220703125,422.7099914550781,422.92999267578125,539982,0.0,0
2024-06-05 14:00:00-04:00,422.92498779296875,423.0899963378906,422.4200134277344,423.010009765625,494777,0.0,0
2024-06-05 14:30:00-04:00,423.0119934082031,423.6099853515625,422.8399963378906,423.47650146484375,537270,0.0,0
2024-06-05 15:00:00-04:00,423.4700012207031,423.6199951171875,422.75,422.7900085449219,691940,0.0,0
2024-06-05 15:30:00-04:00,422.7749938964844,424.0799865722656,422.1199951171875,424.0400085449219,2293164,0.0,0
2024-06-06 09:30:00-04:00,424.0,425.30999755859375,422.5899963378906,423.32000732421875,1892269,0.0,0
2024-06-06 10:00:00-04:00,423.3699951171875,424.1099853515625,422.7900085449219,423.44000244140625,1066257,0.0,0
2024-06-06 10:30:00-04:00,423.3949890136719,423.4800109863281,422.57000732421875,422.8599853515625,770048,0.0,0
2024-06-06 11:00:00-04:00,422.79998779296875,423.1600036621094,421.29998779296875,421.3999938964844,742457,0.0,0
2024-06-06 11:30:00-04:00,421.364990234375,421.855712890625,420.5799865722656,421.6000061035156,885263,0.0,0
2024-06-06 12:00:00-04:00,421.5899963378906,423.17999267578125,421.5899963378906,422.9800109863281,675553,0.0,0
2024-06-06 12:30:00-04:00,423.0350036621094,423.45001220703125,422.3999938964844,423.4200134277344,464016,0.0,0
2024-06-06 13:00:00-04:00,423.42999267578125,423.5299987792969,422.8500061035156,423.0950012207031,359242,0.0,0
2024-06-06 13:30:00-04:00,423.1000061035156,423.4700012207031,422.7792053222656,423.1698913574219,419391,0.0,0
2024-06-06 14:00:00-04:00,423.17498779296875,423.32000732421875,422.0199890136719,423.2898864746094,517198,0.0,0
2024-06-06 14:30:00-04:00,423.2900085449219,423.6000061035156,422.80999755859375,423.30999755859375,481138,0.0,0
2024-06-06 15:00:00-04:00,423.25,423.7200012207031,423.05999755859375,423.6400146484375,369659,0.0,0
2024-06-06 15:30:00-04:00,423.6400146484375,424.70001220703125,423.260009765625,424.489990234375,1371447,0.0,0
2024-06-07 09:30:00-04:00,426.20001220703125,426.20001220703125,423.7850036621094,425.0799865722656,1720621,0.0,0
2024-06-07 10:00:00-04:00,425.0799865722656,425.2200012207031,423.93499755859375,424.1000061035156,578873,0.0,0
2024-06-07 10:30:00-04:00,424.0400085449219,425.8800048828125,423.7200012207031,425.0350036621094,709224,0.0,0
2024-06-07 11:00:00-04:00,425.1000061035156,425.1000061035156,423.6700134277344,425.0,536599,0.0,0
2024-06-07 11:30:00-04:00,425.0,425.5150146484375,424.5799865722656,425.2099914550781,495199,0.0,0
2024-06-07 12:00:00-04:00,425.19000244140625,425.4200134277344,424.8005065917969,425.260009765625,418983,0.0,0
2024-06-07 12:30:00-04:00,425.2699890136719,426.1600036621094,424.54998779296875,425.9400939941406,482309,0.0,0
2024-06-07 13:00:00-04:00,425.94000244140625,426.2799987792969,425.3800048828125,425.7950134277344,602429,0.0,0
2024-06-07 13:30:00-04:00,425.8399963378906,426.2300109863281,425.5906982421875,425.8699951171875,358107,0.0,0
2024-06-07 14:00:00-04:00,425.79998779296875,425.8599853515625,423.7200012207031,424.8900146484375,577674,0.0,0
2024-06-07 14:30:00-04:00,424.8999938964844,425.1741027832031,424.6199951171875,424.8319091796875,340083,0.0,0
2024-06-07 15:00:00-04:00,424.7900085449219,425.05999755859375,423.45001220703125,424.3599853515625,504595,0.0,0
2024-06-07 15:30:00-04:00,424.32000732421875,424.510009765625,423.04998779296875,423.82000732421875,1595011,0.0,0
2024-06-10 09:30:00-04:00,424.7300109863281,427.8396911621094,423.8900146484375,426.8949890136719,1827051,0.0,0
2024-06-10 10:00:00-04:00,426.92999267578125,427.3500061035156,425.6199951171875,427.29998779296875,896083,0.0,0
2024-06-10 10:30:00-04:00,427.2850036621094,427.3599853515625,426.1698913574219,426.6300048828125,516622,0.0,0
2024-06-10 11:00:00-04:00,426.5775146484375,427.05499267578125,426.239990234375,426.90008544921875,467816,0.0,0
2024-06-10 11:30:00-04:00,426.9700012207031,427.6700134277344,426.69000244140625,426.8999938964844,593899,0.0,0
2024-06-10 12:00:00-04:00,426.875,427.3800048828125,426.3190002441406,426.4800109863281,467867,0.0,0
2024-06-10 12:30:00-04:00,426.4700012207031,426.489990234375,425.7900085449219,425.8900146484375,434362,0.0,0
2024-06-10 13:00:00-04:00,425.8800048828125,426.3599853515625,425.5,425.7228088378906,437728,0.0,0
2024-06-10 13:30:00-04:00,425.70001220703125,426.94000244140625,425.4997863769531,426.70001220703125,509724,0.0,0
2024-06-10 14:00:00-04:00,426.67999267578125,426.9590148925781,426.1846008300781,426.3500061035156,1219115,0.0,0
2024-06-10 14:30:00-04:00,426.3599853515625,427.40948486328125,426.05999755859375,427.40948486328125,691035,0.0,0
2024-06-10 15:00:00-04:00,427.3900146484375,428.0400085449219,426.80999755859375,426.9599914550781,839385,0.0,0
2024-06-10 15:30:00-04:00,426.9549865722656,428.05999755859375,426.5799865722656,427.8699951171875,1673519,0.0,0
2024-06-11 09:30:00-04:00,425.7799987792969,427.30999755859375,425.25,426.4700012207031,1228317,0.0,0
2024-06-11 10:00:00-04:00,426.4750061035156,427.4200134277344,425.4800109863281,427.3399963378906,840737,0.0,0
2024-06-11 10:30:00-04:00,427.3500061035156,428.239990234375,427.17999267578125,428.1300048828125,686516,0.0,0
2024-06-11 11:00:00-04:00,428.1400146484375,428.3800048828125,427.45050048828125,428.05999755859375,463862,0.0,0
2024-06-11 11:30:00-04:00,428.0400085449219,428.7900085449219,428.0400085449219,428.3500061035156,596807,0.0,0
2024-06-11 12:00:00-04:00,428.3599853515625,428.3800048828125,427.3500061035156,427.5899963378906,387497,0.0,0
2024-06-11 12:30:00-04:00,427.54998779296875,427.8599853515625,427.2059020996094,427.82000732421875,362093,0.0,0
2024-06-11 13:00:00-04:00,427.82000732421875,429.0107116699219,427.739990234375,428.2300109863281,827808,0.0,0
2024-06-11 13:30:00-04:00,428.2149963378906,429.1400146484375,428.20001220703125,429.12750244140625,388993,0.0,0
2024-06-11 14:00:00-04:00,429.07000732421875,430.6400146484375,429.05999755859375,430.57000732421875,925360,0.0,0
2024-06-11 14:30:00-04:00,430.56500244140625,431.0799865722656,430.3399963378906,431.05999755859375,730664,0.0,0
2024-06-11 15:00:00-04:00,431.0799865722656,431.9599914550781,430.95001220703125,431.4949951171875,868624,0.0,0
2024-06-11 15:30:00-04:00,431.4750061035156,432.82000732421875,430.7799987792969,432.6600036621094,2090942,0.0,0
2024-06-12 09:30:00-04:00,435.32000732421875,438.54998779296875,433.25,438.010009765625,3334735,0.0,0
2024-06-12 10:00:00-04:00,438.1000061035156,438.3900146484375,436.1700134277344,437.8349914550781,1223599,0.0,0
2024-06-12 10:30:00-04:00,437.8399963378906,438.3500061035156,437.5,437.9800109863281,1012164,0.0,0
2024-06-12 11:00:00-04:00,438.010009765625,438.6000061035156,437.0299987792969,438.2300109863281,1056446,0.0,0
2024-06-12 11:30:00-04:00,438.260009765625,439.5299987792969,438.0299987792969,438.80010986328125,1085149,0.0,0
2024-06-12 12:00:00-04:00,438.7900085449219,438.9100036621094,438.239990234375,438.3800048828125,894332,0.0,0
2024-06-12 12:30:00-04:00,438.4100036621094,439.29998779296875,438.05999755859375,439.2799987792969,554048,0.0,0
2024-06-12 13:00:00-04:00,439.2950134277344,440.4200134277344,439.2699890136719,439.80621337890625,850595,0.0,0
2024-06-12 13:30:00-04:00,439.7950134277344,439.7950134277344,438.6600036621094,439.7200012207031,663515,0.0,0
2024-06-12 14:00:00-04:00,439.6449890136719,440.6099853515625,437.8599853515625,439.3399963378906,1020430,0.0,0
2024-06-12 14:30:00-04:00,439.3500061035156,440.7300109863281,438.42999267578125,440.68499755859375,1120452,0.0,0
2024-06-12 15:00:00-04:00,440.6700134277344,443.3999938964844,440.0264892578125,440.239990234375,2050355,0.0,0
2024-06-12 15:30:00-04:00,440.260009765625,442.2799987792969,439.6400146484375,441.0,3110989,0.0,0
2024-06-13 09:30:00-04:00,440.3299865722656,443.05999755859375,439.3699951171875,441.7023010253906,2475701,0.0,0
2024-06-13 10:00:00-04:00,441.6400146484375,442.1000061035156,440.44000244140625,441.9549865722656,928608,0.0,0
2024-06-13 10:30:00-04:00,441.92999267578125,442.95001220703125,441.7449951171875,442.17999267578125,1040436,0.0,0
2024-06-13 11:00:00-04:00,442.2699890136719,443.32000732421875,442.0799865722656,442.989990234375,875513,0.0,0
2024-06-13 11:30:00-04:00,442.98419189453125,443.3900146484375,442.19000244140625,442.25,599827,0.0,0
2024-06-13 12:00:00-04:00,442.2900085449219,442.29998779296875,439.80499267578125,439.94000244140625,694555,0.0,0
2024-06-13 12:30:00-04:00,439.8900146484375,441.6000061035156,439.6603088378906,441.4200134277344,511211,0.0,0
2024-06-13 13:00:00-04:00,441.3949890136719,441.8999938964844,441.0299987792969,441.20001220703125,434918,0.0,0
2024-06-13 13:30:00-04:00,441.2099914550781,441.4800109863281,440.5199890136719,440.54998779296875,396119,0.0,0
2024-06-13 14:00:00-04:00,440.6199951171875,441.5,440.375,441.1099853515625,446392,0.0,0
2024-06-13 14:30:00-04:00,441.1199951171875,441.2900085449219,440.510009765625,440.510009765625,404912,0.0,0
2024-06-13 15:00:00-04:00,440.489990234375,441.0799865722656,440.21099853515625,440.9150085449219,595045,0.0,0
2024-06-13 15:30:00-04:00,440.8999938964844,442.1300048828125,440.8399963378906,441.3999938964844,1845559,0.0,0
2024-06-14 09:30:00-04:00,438.4200134277344,442.1773986816406,436.72100830078125,442.0199890136719,2370417,0.0,0
2024-06-14 10:00:00-04:00,442.010009765625,442.0350036621094,440.3299865722656,441.32989501953125,820250,0.0,0
2024-06-14 10:30:00-04:00,441.3399963378906,442.7838134765625,440.67999267578125,442.7799987792969,950972,0.0,0
2024-06-14 11:00:00-04:00,442.8599853515625,442.9700012207031,441.7900085449219,441.9200134277344,575294,0.0,0
2024-06-14 11:30:00-04:00,441.92498779296875,442.5400085449219,441.0194091796875,442.5199890136719,567306,0.0,0
2024-06-14 12:00:00-04:00,442.510009765625,443.1376037597656,442.30999755859375,442.5950012207031,524647,0.0,0
2024-06-14 12:30:00-04:00,442.6300048828125,442.7499084472656,442.04998779296875,442.38970947265625,341765,0.0,0
2024-06-14 13:00:00-04:00,442.3500061035156,442.57000732421875,441.82000732421875,442.55999755859375,353954,0.0,0
2024-06-14 13:30:00-04:00,442.55999755859375,443.010009765625,442.2099914550781,442.4800109863281,513480,0.0,0
2024-06-14 14:00:00-04:00,442.5,442.5,441.5899963378906,442.3599853515625,540860,0.0,0
2024-06-14 14:30:00-04:00,442.3800048828125,442.70001220703125,441.6300048828125,442.29998779296875,510342,0.0,0
2024-06-14 15:00:00-04:00,442.2699890136719,442.3699951171875,441.8699951171875,442.17999267578125,485026,0.0,0
2024-06-14 15:30:00-04:00,442.17999267578125,442.7200012207031,441.5,442.54998779296875,1380155,0.0,0
2024-06-17 09:30:00-04:00,442.44000244140625,444.2799987792969,440.7200012207031,441.80999755859375,2276941,0.0,0
2024-06-17 10:00:00-04:00,441.8800048828125,443.44000244140625,441.6600036621094,442.8385009765625,1351140,0.0,0
2024-06-17 10:30:00-04:00,442.8399963378906,443.0,441.7701110839844,442.3800048828125,768858,0.0,0
2024-06-17 11:00:00-04:00,442.3900146484375,445.20001220703125,442.3699951171875,443.95001220703125,1250169,0.0,0
2024-06-17 11:30:00-04:00,443.9700012207031,444.67999267578125,443.6300048828125,444.3399963378906,627711,0.0,0
2024-06-17 12:00:00-04:00,444.35009765625,445.4100036621094,444.1300048828125,445.3999938964844,594189,0.0,0
2024-06-17 12:30:00-04:00,445.4049987792969,446.6400146484375,445.0304870605469,446.57000732421875,902247,0.0,0
2024-06-17 13:00:00-04:00,446.57000732421875,447.98651123046875,446.57000732421875,447.9100036621094,691775,0.0,0
2024-06-17 13:30:00-04:00,447.9200134277344,449.489990234375,447.79998779296875,449.4200134277344,858339,0.0,0
2024-06-17 14:00:00-04:00,449.3800048828125,450.69000244140625,448.2200927734375,449.42999267578125,1538565,0.0,0
2024-06-17 14:30:00-04:00,449.44000244140625,449.6700134277344,448.57000732421875,449.31561279296875,887133,0.0,0
2024-06-17 15:00:00-04:00,449.29998779296875,450.9280090332031,449.1700134277344,450.6029968261719,1064623,0.0,0
2024-06-17 15:30:00-04:00,450.6000061035156,450.614990234375,448.0849914550781,448.3900146484375,2557045,0.0,0
2024-06-18 09:30:00-04:00,449.7200012207031,450.1400146484375,446.8999938964844,447.739990234375,2118480,0.0,0
2024-06-18 10:00:00-04:00,447.7799987792969,448.32000732421875,446.42889404296875,446.9100036621094,1181389,0.0,0
2024-06-18 10:30:00-04:00,446.94000244140625,447.07000732421875,445.32000732421875,446.45001220703125,1054378,0.0,0
2024-06-18 11:00:00-04:00,446.4400939941406,446.5154113769531,444.8900146484375,445.8999938964844,1079148,0.0,0
2024-06-18 11:30:00-04:00,445.8599853515625,446.5150146484375,445.7001037597656,446.489990234375,620626,0.0,0
2024-06-18 12:00:00-04:00,446.510009765625,447.69000244140625,446.3299865722656,446.95001220703125,592671,0.0,0
2024-06-18 12:30:00-04:00,446.9700012207031,447.67999267578125,446.6099853515625,447.55999755859375,573418,0.0,0
2024-06-18 13:00:00-04:00,447.4200134277344,447.7799987792969,446.7799987792969,447.760009765625,780699,0.0,0
2024-06-18 13:30:00-04:00,447.7799987792969,447.8999938964844,447.230712890625,447.3299865722656,471463,0.0,0
2024-06-18 14:00:00-04:00,447.3599853515625,447.389892578125,445.6300048828125,445.9049987792969,819430,0.0,0
2024-06-18 14:30:00-04:00,445.8900146484375,446.25,445.7200012207031,446.04998779296875,617746,0.0,0
2024-06-18 15:00:00-04:00,446.05999755859375,446.45001220703125,445.1700134277344,446.2900085449219,846776,0.0,0
2024-06-18 15:30:00-04:00,446.2900085449219,446.9100036621094,446.0799865722656,446.4200134277344,1555810,0.0,0
2024-06-20 09:30:00-04:00,446.29998779296875,446.5299987792969,441.2799987792969,442.510009765625,3199435,0.0,0
2024-06-20 10:00:00-04:00,442.489990234375,443.1400146484375,441.8900146484375,442.6099853515625,1514347,0.0,0
2024-06-20 10:30:00-04:00,442.6099853515625,444.1300048828125,442.4599914550781,443.5199890136719,1101049,0.0,0
2024-06-20 11:00:00-04:00,443.54998779296875,444.2850036621094,443.04998779296875,444.1828918457031,932892,0.0,0
2024-06-20 11:30:00-04:00,444.1650085449219,445.82000732421875,444.04998779296875,444.2900085449219,981675,0.0,0
2024-06-20 12:00:00-04:00,444.30999755859375,445.20001220703125,443.5400085449219,443.5400085449219,602280,0.0,0
2024-06-20 12:30:00-04:00,443.5,445.4700012207031,442.9599914550781,444.45770263671875,754558,0.0,0
2024-06-20 13:00:00-04:00,444.44000244140625,445.04998779296875,443.8500061035156,444.70001220703125,618636,0.0,0
2024-06-20 13:30:00-04:00,444.69000244140625,445.1199951171875,443.9200134277344,444.44000244140625,726017,0.0,0
2024-06-20 14:00:00-04:00,444.44000244140625,445.2200012207031,444.3999938964844,444.9634094238281,659201,0.0,0
2024-06-20 14:30:00-04:00,444.9800109863281,445.1431884765625,444.3699951171875,444.6099853515625,896090,0.0,0
2024-06-20 15:00:00-04:00,444.6600036621094,445.2799987792969,443.8038024902344,445.0932922363281,1019729,0.0,0
2024-06-20 15:30:00-04:00,445.1000061035156,446.0400085449219,444.2099914550781,445.7850036621094,2059250,0.0,0
2024-06-21 09:30:00-04:00,447.135009765625,450.389892578125,446.57000732421875,447.2950134277344,9631666,0.0,0
2024-06-21 10:00:00-04:00,447.3399963378906,448.92999267578125,447.0799865722656,447.114990234375,1066995,0.0,0
2024-06-21 10:30:00-04:00,447.17999267578125,447.67999267578125,446.510009765625,447.59149169921875,805182,0.0,0
2024-06-21 11:00:00-04:00,447.6387023925781,448.4526062011719,447.4599914550781,447.64068603515625,793123,0.0,0
2024-06-21 11:30:00-04:00,447.6549987792969,449.29998779296875,447.5,449.15289306640625,1459512,0.0,0
2024-06-21 12:00:00-04:00,449.18499755859375,449.5856018066406,448.7301025390625,449.5,582029,0.0,0
2024-06-21 12:30:00-04:00,449.5199890136719,449.7799987792969,448.5400085449219,448.7300109863281,531814,0.0,0
2024-06-21 13:00:00-04:00,448.739990234375,449.1532897949219,448.41009521484375,448.5849914550781,416510,0.0,0
2024-06-21 13:30:00-04:00,448.5,449.15380859375,448.0899963378906,448.8299865722656,540484,0.0,0
2024-06-21 14:00:00-04:00,448.8800048828125,449.3999938964844,448.4599914550781,449.25048828125,676145,0.0,0
2024-06-21 14:30:00-04:00,449.25,449.4403076171875,448.8399963378906,449.05499267578125,465604,0.0,0
2024-06-21 15:00:00-04:00,449.0205993652344,449.4800109863281,448.5899963378906,448.6449890136719,569385,0.0,0
2024-06-21 15:30:00-04:00,448.6600036621094,450.54998779296875,448.5299987792969,449.7799987792969,2476065,0.0,0
2024-06-24 09:30:00-04:00,449.79998779296875,450.1000061035156,446.4100036621094,449.6300048828125,2071504,0.0,0
2024-06-24 10:00:00-04:00,449.5899963378906,452.75,449.54998779296875,449.95001220703125,1610540,0.0,0
2024-06-24 10:30:00-04:00,449.8599853515625,450.7320861816406,448.1700134277344,450.1449890136719,1067859,0.0,0
2024-06-24 11:00:00-04:00,450.2300109863281,450.45001220703125,449.32000732421875,449.989990234375,686971,0.0,0
2024-06-24 11:30:00-04:00,450.06500244140625,450.4599914550781,449.54998779296875,450.2300109863281,476644,0.0,0
2024-06-24 12:00:00-04:00,450.20001220703125,450.2699890136719,449.0799865722656,449.5199890136719,485733,0.0,0
2024-06-24 12:30:00-04:00,449.45001220703125,449.8500061035156,448.90008544921875,449.3800048828125,375240,0.0,0
2024-06-24 13:00:00-04:00,449.3450012207031,449.5195007324219,448.43670654296875,448.6600036621094,470596,0.0,0
2024-06-24 13:30:00-04:00,448.6499938964844,448.9599914550781,447.95001220703125,448.375,454458,0.0,0
2024-06-24 14:00:00-04:00,448.4100036621094,448.57000732421875,447.7200012207031,448.135009765625,567774,0.0,0
2024-06-24 14:30:00-04:00,448.19500732421875,448.510009765625,447.8699951171875,448.1199951171875,517380,0.0,0
2024-06-24 15:00:00-04:00,448.114990234375,448.70001220703125,448.07000732421875,448.2699890136719,470859,0.0,0
2024-06-24 15:30:00-04:00,448.2699890136719,448.70001220703125,447.3299865722656,447.6099853515625,1915785,0.0,0
2024-06-25 09:30:00-04:00,448.0299987792969,449.0,446.75,447.6449890136719,1845581,0.0,0
2024-06-25 10:00:00-04:00,447.6449890136719,449.3999938964844,446.92999267578125,448.94000244140625,967078,0.0,0
2024-06-25 10:30:00-04:00,448.9700012207031,450.1199951171875,448.7300109863281,449.0,832165,0.0,0
2024-06-25 11:00:00-04:00,449.0350036621094,449.75,448.5400085449219,449.510009765625,648427,0.0,0
2024-06-25 11:30:00-04:00,449.4949951171875,450.07000732421875,448.92999267578125,449.94000244140625,571795,0.0,0
2024-06-25 12:00:00-04:00,449.9100036621094,450.29998779296875,449.1200866699219,449.3599853515625,1392554,0.0,0
2024-06-25 12:30:00-04:00,449.385009765625,449.4800109863281,448.80999755859375,449.20001220703125,420582,0.0,0
2024-06-25 13:00:00-04:00,449.05999755859375,449.75,448.7200012207031,449.55999755859375,345426,0.0,0
2024-06-25 13:30:00-04:00,449.510009765625,449.92498779296875,449.3500061035156,449.8349914550781,322650,0.0,0
2024-06-25 14:00:00-04:00,449.8500061035156,450.2900085449219,449.760009765625,450.2699890136719,455181,0.0,0
2024-06-25 14:30:00-04:00,450.29998779296875,450.3500061035156,449.5899963378906,450.239990234375,420862,0.0,0
2024-06-25 15:00:00-04:00,450.2200012207031,450.7300109863281,450.0400085449219,450.7300109863281,504546,0.0,0
2024-06-25 15:30:00-04:00,450.69000244140625,451.4200134277344,450.07000732421875,450.8599853515625,1402421,0.0,0
2024-06-26 09:30:00-04:00,448.9949951171875,450.8039855957031,448.19000244140625,450.42999267578125,1739542,0.0,0
2024-06-26 10:00:00-04:00,450.5299987792969,451.6899108886719,450.0899963378906,450.9400939941406,905983,0.0,0
2024-06-26 10:30:00-04:00,451.010009765625,453.5885009765625,450.9949951171875,453.1050109863281,941088,0.0,0
2024-06-26 11:00:00-04:00,453.0899963378906,453.4100036621094,451.6499938964844,453.0707092285156,852668,0.0,0
2024-06-26 11:30:00-04:00,453.1000061035156,453.57000732421875,452.3299865722656,453.3800048828125,577342,0.0,0
2024-06-26 12:00:00-04:00,453.3775939941406,453.3821105957031,452.20001220703125,452.7300109863281,900831,0.0,0
2024-06-26 12:30:00-04:00,452.7250061035156,453.1099853515625,452.29998779296875,452.6600036621094,362554,0.0,0
2024-06-26 13:00:00-04:00,452.57501220703125,452.7710876464844,451.34991455078125,451.8301086425781,464312,0.0,0
2024-06-26 13:30:00-04:00,451.80999755859375,452.1830139160156,451.32000732421875,452.089599609375,389955,0.0,0
2024-06-26 14:00:00-04:00,452.04998779296875,452.1700134277344,451.3999938964844,451.5683898925781,510796,0.0,0
2024-06-26 14:30:00-04:00,451.5799865722656,452.05999755859375,450.8699951171875,451.6199951171875,509252,0.0,0
2024-06-26 15:00:00-04:00,451.6300048828125,451.8999938964844,451.3900146484375,451.42999267578125,430142,0.0,0
2024-06-26 15:30:00-04:00,451.4049987792969,452.5899963378906,450.8800048828125,452.1199951171875,1539376,0.0,0
2024-06-27 09:30:00-04:00,452.1499938964844,455.760986328125,451.7699890136719,454.9049987792969,1997749,0.0,0
2024-06-27 10:00:00-04:00,454.8999938964844,456.1600036621094,454.5299987792969,456.04998779296875,1116325,0.0,0
2024-06-27 10:30:00-04:00,456.07000732421875,456.07000732421875,454.45001220703125,455.32000732421875,871005,0.0,0
2024-06-27 11:00:00-04:00,455.30999755859375,455.70001220703125,454.26800537109375,454.67999267578125,555283,0.0,0
2024-06-27 11:30:00-04:00,454.67999267578125,454.67999267578125,452.8699951171875,453.735107421875,646443,0.0,0
2024-06-27 12:00:00-04:00,453.6619873046875,454.6600036621094,453.6300048828125,454.15020751953125,669304,0.0,0
2024-06-27 12:30:00-04:00,454.1499938964844,454.20001220703125,453.6600036621094,453.8949890136719,353817,0.0,0
2024-06-27 13:00:00-04:00,453.9100036621094,454.1600036621094,453.2799987792969,454.00421142578125,417008,0.0,0
2024-06-27 13:30:00-04:00,454.02099609375,454.5492858886719,453.5,453.5400085449219,401326,0.0,0
2024-06-27 14:00:00-04:00,453.489990234375,453.5011901855469,452.6134948730469,452.8699951171875,468379,0.0,0
2024-06-27 14:30:00-04:00,452.9100036621094,453.1600036621094,451.8800048828125,452.80999755859375,639514,0.0,0
2024-06-27 15:00:00-04:00,452.8699951171875,453.0498962402344,452.1199951171875,452.31500244140625,590023,0.0,0
2024-06-27 15:30:00-04:00,452.2900085449219,453.2200012207031,452.20001220703125,452.8599853515625,1778581,0.0,0
2024-06-28 09:30:00-04:00,453.06500244140625,453.8999938964844,451.6050109863281,453.8699951171875,1859951,0.0,0
2024-06-28 10:00:00-04:00,453.8999938964844,455.3800048828125,453.75,454.1900939941406,1050935,0.0,0
2024-06-28 10:30:00-04:00,454.2041931152344,455.1600036621094,453.3599853515625,454.05499267578125,1077050,0.0,0
2024-06-28 11:00:00-04:00,454.010009765625,454.1099853515625,452.510009765625,452.9700012207031,913448,0.0,0
2024-06-28 11:30:00-04:00,452.95001220703125,454.05999755859375,452.8800048828125,453.489990234375,604079,0.0,0
2024-06-28 12:00:00-04:00,453.4800109863281,453.69989013671875,452.18499755859375,452.875,732142,0.0,0
2024-06-28 12:30:00-04:00,452.82000732421875,453.6499938964844,452.1400146484375,453.55999755859375,618122,0.0,0
2024-06-28 13:00:00-04:00,453.5400085449219,454.19000244140625,453.18499755859375,453.5,484057,0.0,0
2024-06-28 13:30:00-04:00,453.54998779296875,453.54998779296875,452.8599853515625,453.05999755859375,424798,0.0,0
2024-06-28 14:00:00-04:00,453.0299987792969,454.12969970703125,452.79998779296875,452.82000732421875,590642,0.0,0
2024-06-28 14:30:00-04:00,452.8500061035156,453.32000732421875,452.79998779296875,452.9549865722656,528767,0.0,0
2024-06-28 15:00:00-04:00,452.96990966796875,453.1199951171875,452.260009765625,452.760009765625,631249,0.0,0
2024-06-28 15:30:00-04:00,452.760009765625,453.1449890136719,446.4100036621094,447.69000244140625,5852381,0.0,0
2024-07-01 09:30:00-04:00,448.6099853515625,449.4549865722656,445.6600036621094,447.8699951171875,2755192,0.0,0
2024-07-01 10:00:00-04:00,448.0299987792969,451.510009765625,447.9800109863281,451.5,1462733,0.0,0
2024-07-01 10:30:00-04:00,451.4949951171875,452.3099060058594,450.29998779296875,451.1050109863281,888860,0.0,0
2024-07-01 11:00:00-04:00,451.04998779296875,452.377197265625,450.19000244140625,451.9700012207031,753766,0.0,0
2024-07-01 11:30:00-04:00,451.96990966796875,452.82958984375,451.2699890136719,452.79998779296875,681030,0.0,0
2024-07-01 12:00:00-04:00,452.82501220703125,454.30999755859375,452.6200866699219,453.8999938964844,812074,0.0,0
2024-07-01 12:30:00-04:00,453.8900146484375,454.7699890136719,453.7300109863281,454.4209899902344,564157,0.0,0
2024-07-01 13:00:00-04:00,454.3999938964844,454.69000244140625,452.92010498046875,453.19500732421875,522991,0.0,0
2024-07-01 13:30:00-04:00,453.19891357421875,454.0,453.05999755859375,453.7250061035156,463961,0.0,0
2024-07-01 14:00:00-04:00,453.7200012207031,454.3699951171875,452.8800048828125,452.8949890136719,586409,0.0,0
2024-07-01 14:30:00-04:00,452.8900146484375,453.8599853515625,452.57501220703125,453.82501220703125,508920,0.0,0
2024-07-01 15:00:00-04:00,453.82000732421875,454.3399963378906,453.3800048828125,454.0199890136719,561196,0.0,0
2024-07-01 15:30:00-04:00,454.0450134277344,457.3699951171875,454.0199890136719,456.6400146484375,3154040,0.0,0
2024-07-02 09:30:00-04:00,453.13751220703125,456.7799987792969,453.1130065917969,455.7550048828125,2098349,0.0,0
2024-07-02 10:00:00-04:00,455.82000732421875,457.94989013671875,455.5299987792969,456.69000244140625,993767,0.0,0
2024-07-02 10:30:00-04:00,456.7200012207031,457.70001220703125,456.4599914550781,456.9750061035156,832641,0.0,0
2024-07-02 11:00:00-04:00,457.0,457.04998779296875,455.8500061035156,456.8399963378906,806117,0.0,0
2024-07-02 11:30:00-04:00,456.82000732421875,457.0249938964844,455.5799865722656,455.614990234375,539164,0.0,0
2024-07-02 12:00:00-04:00,455.5950012207031,455.7174987792969,454.8599853515625,455.69000244140625,493980,0.0,0
2024-07-02 12:30:00-04:00,455.6600036621094,456.5299987792969,455.3500061035156,456.4649963378906,380660,0.0,0
2024-07-02 13:00:00-04:00,456.4898986816406,457.8699951171875,456.3800048828125,457.75,452200,0.0,0
2024-07-02 13:30:00-04:00,457.7300109863281,459.19000244140625,457.3699951171875,458.83209228515625,575701,0.0,0
2024-07-02 14:00:00-04:00,458.82000732421875,459.0799865722656,458.25,458.5849914550781,480600,0.0,0
2024-07-02 14:30:00-04:00,458.55999755859375,459.07000732421875,458.0799865722656,458.7200012207031,612636,0.0,0
2024-07-02 15:00:00-04:00,458.67999267578125,458.9599914550781,458.5000915527344,458.8999938964844,391469,0.0,0
2024-07-02 15:30:00-04:00,458.8800048828125,459.5899963378906,458.5899963378906,459.4200134277344,1419055,0.0,0
2024-07-03 09:30:00-04:00,459.1936950683594,460.4800109863281,457.8800048828125,459.1099853515625,1844301,0.0,0
2024-07-03 10:00:00-04:00,459.29998779296875,459.489990234375,458.0,458.0299987792969,930653,0.0,0
2024-07-03 10:30:00-04:00,458.0799865722656,459.1499938964844,458.0050048828125,458.70001220703125,689277,0.0,0
2024-07-03 11:00:00-04:00,458.7449951171875,460.7799072265625,458.510009765625,460.17498779296875,765963,0.0,0
2024-07-03 11:30:00-04:00,460.17498779296875,460.2099914550781,458.7099914550781,459.32000732421875,693267,0.0,0
2024-07-03 12:00:00-04:00,459.30999755859375,460.3900146484375,459.17999267578125,459.55499267578125,729317,0.0,0
2024-07-03 12:30:00-04:00,459.5400085449219,461.0199890136719,459.1763000488281,460.7699890136719,1862614,0.0,0
2024-07-03 13:00:00-04:00,460.7699890136719,460.885009765625,459.6471862792969,460.6000061035156,0,0.0,0
2024-07-05 09:30:00-04:00,459.6600036621094,466.0299987792969,458.9649963378906,465.9100036621094,2626714,0.0,0
2024-07-05 10:00:00-04:00,466.0899963378906,467.05999755859375,464.80010986328125,465.9700012207031,1367773,0.0,0
2024-07-05 10:30:00-04:00,466.0,466.20001220703125,464.6000061035156,464.7298889160156,774260,0.0,0
2024-07-05 11:00:00-04:00,464.75,466.2200012207031,464.1700134277344,465.20001220703125,961205,0.0,0
2024-07-05 11:30:00-04:00,465.2699890136719,466.7699890136719,465.1000061035156,466.4549865722656,674003,0.0,0
2024-07-05 12:00:00-04:00,466.489990234375,467.0,466.19000244140625,466.95001220703125,646817,0.0,0
2024-07-05 12:30:00-04:00,466.8900146484375,467.0299987792969,466.3789978027344,466.4800109863281,416698,0.0,0
2024-07-05 13:00:00-04:00,466.4200134277344,468.0616149902344,466.3900146484375,467.8299865722656,552705,0.0,0
2024-07-05 13:30:00-04:00,467.82501220703125,468.3500061035156,466.9599914550781,467.0400085449219,598688,0.0,0
2024-07-05 14:00:00-04:00,467.04998779296875,467.4659118652344,466.75,467.1596984863281,454725,0.0,0
2024-07-05 14:30:00-04:00,467.1449890136719,467.489990234375,466.9200134277344,467.1199951171875,410012,0.0,0
2024-07-05 15:00:00-04:00,467.11700439453125,467.70989990234375,467.0628967285156,467.3487854003906,470266,0.0,0
2024-07-05 15:30:00-04:00,467.339111328125,467.9800109863281,466.989990234375,467.3900146484375,1591973,0.0,0
2024-07-08 09:30:00-04:00,466.54998779296875,467.70001220703125,464.7655944824219,466.6300048828125,1978756,0.0,0
2024-07-08 10:00:00-04:00,466.6099853515625,466.80999755859375,464.4599914550781,465.631103515625,976594,0.0,0
2024-07-08 10:30:00-04:00,465.6650085449219,466.07000732421875,464.55010986328125,465.5235900878906,803052,0.0,0
2024-07-08 11:00:00-04:00,465.5078125,466.05999755859375,465.1700134277344,466.05999755859375,601408,0.0,0
2024-07-08 11:30:00-04:00,466.0450134277344,466.8500061035156,465.80999755859375,466.32501220703125,565386,0.0,0
2024-07-08 12:00:00-04:00,466.3699951171875,466.3800048828125,465.2699890136719,465.5150146484375,449858,0.0,0
2024-07-08 12:30:00-04:00,465.4700012207031,465.7398986816406,465.1600036621094,465.5299987792969,297220,0.0,0
2024-07-08 13:00:00-04:00,465.5299987792969,465.7300109863281,465.0400085449219,465.54998779296875,345642,0.0,0
2024-07-08 13:30:00-04:00,465.54998779296875,465.5899963378906,464.8599853515625,465.3500061035156,437293,0.0,0
2024-07-08 14:00:00-04:00,465.2799987792969,466.0,464.9502868652344,465.92498779296875,415731,0.0,0
2024-07-08 14:30:00-04:00,465.8999938964844,465.8999938964844,465.1600036621094,465.5899963378906,518305,0.0,0
2024-07-08 15:00:00-04:00,465.5799865722656,465.6181945800781,465.07000732421875,465.4949951171875,462986,0.0,0
2024-07-08 15:30:00-04:00,465.4599914550781,466.5299987792969,464.760009765625,466.2900085449219,1874166,0.0,0
2024-07-09 09:30:00-04:00,467.0,467.2099914550781,463.82000732421875,464.6199951171875,2190980,0.0,0
2024-07-09 10:00:00-04:00,464.6199951171875,464.8999938964844,463.45001220703125,464.17999267578125,1212533,0.0,0
2024-07-09 10:30:00-04:00,464.20001220703125,464.2300109863281,463.4200134277344,463.54998779296875,834199,0.0,0
2024-07-09 11:00:00-04:00,463.552490234375,464.04998779296875,462.2200012207031,463.32501220703125,829368,0.0,0
2024-07-09 11:30:00-04:00,463.3500061035156,463.6549987792969,461.4100036621094,461.7449951171875,869808,0.0,0
2024-07-09 12:00:00-04:00,461.760009765625,462.1700134277344,460.8299865722656,461.2200012207031,759169,0.0,0
2024-07-09 12:30:00-04:00,461.239990234375,461.25,459.30999755859375,460.010009765625,1209100,0.0,0
2024-07-09 13:00:00-04:00,460.0150146484375,460.4100036621094,459.3599853515625,459.75,832343,0.0,0
2024-07-09 13:30:00-04:00,459.7200012207031,460.3822021484375,459.7049865722656,460.2749938964844,580290,0.0,0
2024-07-09 14:00:00-04:00,460.2804870605469,460.45001220703125,459.130615234375,459.1650085449219,741606,0.0,0
2024-07-09 14:30:00-04:00,459.17999267578125,459.6499938964844,458.9100036621094,459.3800048828125,824523,0.0,0
2024-07-09 15:00:00-04:00,459.3949890136719,460.052001953125,459.19000244140625,459.2349853515625,639648,0.0,0
2024-07-09 15:30:00-04:00,459.2099914550781,459.587890625,458.0,459.5299987792969,2477204,0.0,0
2024-07-10 09:30:00-04:00,461.2049865722656,462.5,458.8999938964844,462.489990234375,2009400,0.0,0
2024-07-10 10:00:00-04:00,462.5450134277344,463.2898864746094,461.80999755859375,462.9800109863281,1217190,0.0,0
2024-07-10 10:30:00-04:00,463.0400085449219,463.6199951171875,459.6300048828125,460.7300109863281,1294816,0.0,0
2024-07-10 11:00:00-04:00,460.81500244140625,461.3782958984375,459.67010498046875,461.04998779296875,787034,0.0,0
2024-07-10 11:30:00-04:00,461.07000732421875,461.6600036621094,460.1600036621094,460.57501220703125,660186,0.0,0
2024-07-10 12:00:00-04:00,460.54998779296875,461.7699890136719,459.9100036621094,461.5202941894531,617913,0.0,0
2024-07-10 12:30:00-04:00,461.54998779296875,464.08990478515625,461.4200134277344,464.07000732421875,757370,0.0,0
2024-07-10 13:00:00-04:00,464.0299987792969,465.1000061035156,462.8500061035156,463.0199890136719,797932,0.0,0
2024-07-10 13:30:00-04:00,463.0,464.3800048828125,462.67999267578125,463.9800109863281,610142,0.0,0
2024-07-10 14:00:00-04:00,463.9440002441406,464.489990234375,463.6600036621094,464.07501220703125,417722,0.0,0
2024-07-10 14:30:00-04:00,464.1600036621094,465.25,463.9599914550781,465.0199890136719,666885,0.0,0
2024-07-10 15:00:00-04:00,464.95001220703125,464.9800109863281,463.75,464.0400085449219,673937,0.0,0
2024-07-10 15:30:00-04:00,464.04998779296875,466.4599914550781,463.91009521484375,466.3800048828125,1835143,0.0,0
2024-07-11 09:30:00-04:00,462.7300109863281,464.7799987792969,460.9049987792969,461.1600036621094,2296393,0.0,0
2024-07-11 10:00:00-04:00,461.239990234375,461.8999938964844,455.5799865722656,455.8900146484375,2409477,0.0,0
2024-07-11 10:30:00-04:00,455.80999755859375,456.760009765625,453.3028869628906,454.94500732421875,2178889,0.0,0
2024-07-11 11:00:00-04:00,454.9800109863281,455.4599914550781,451.8999938964844,452.57000732421875,1704246,0.0,0
2024-07-11 11:30:00-04:00,452.5249938964844,453.9200134277344,451.54998779296875,453.2300109863281,1349134,0.0,0
2024-07-11 12:00:00-04:00,453.239990234375,454.6499938964844,452.7900085449219,454.42999267578125,969031,0.0,0
2024-07-11 12:30:00-04:00,454.3699951171875,456.2799987792969,454.1099853515625,454.5299987792969,907183,0.0,0
2024-07-11 13:00:00-04:00,454.6600036621094,455.57000732421875,454.25,455.364990234375,571755,0.0,0
2024-07-11 13:30:00-04:00,455.3399963378906,455.3500061035156,452.4800109863281,452.86590576171875,697696,0.0,0
2024-07-11 14:00:00-04:00,452.8999938964844,455.07000732421875,452.8699951171875,454.1199951171875,595119,0.0,0
2024-07-11 14:30:00-04:00,454.0899963378906,455.08990478515625,453.9599914550781,454.3299865722656,690213,0.0,0
2024-07-11 15:00:00-04:00,454.3349914550781,455.3399963378906,454.2300109863281,454.6650085449219,752517,0.0,0
2024-07-11 15:30:00-04:00,454.69000244140625,455.8999938964844,454.0899963378906,454.7099914550781,2238929,0.0,0
2024-07-12 09:30:00-04:00,454.32501220703125,454.3900146484375,450.6449890136719,453.3500061035156,2450765,0.0,0
2024-07-12 10:00:00-04:00,453.3699951171875,454.2200012207031,452.42999267578125,453.54998779296875,1106228,0.0,0
2024-07-12 10:30:00-04:00,453.5400085449219,454.864990234375,453.42498779296875,454.1000061035156,954358,0.0,0
2024-07-12 11:00:00-04:00,454.0799865722656,454.864990234375,453.6300048828125,454.6077880859375,783829,0.0,0
2024-07-12 11:30:00-04:00,454.6099853515625,454.9599914550781,453.6099853515625,453.6600036621094,725304,0.0,0
2024-07-12 12:00:00-04:00,453.6000061035156,454.1499938964844,452.75,453.80999755859375,581149,0.0,0
2024-07-12 12:30:00-04:00,453.82000732421875,454.04998779296875,453.44000244140625,453.7200012207031,483131,0.0,0
2024-07-12 13:00:00-04:00,453.6549987792969,454.94000244140625,453.6000061035156,454.7950134277344,498841,0.0,0
2024-07-12 13:30:00-04:00,454.7799987792969,456.3349914550781,454.6000061035156,455.7300109863281,660499,0.0,0
2024-07-12 14:00:00-04:00,455.7300109863281,455.885009765625,454.94000244140625,455.2799987792969,515846,0.0,0
2024-07-12 14:30:00-04:00,455.32000732421875,455.8800048828125,454.989990234375,455.8349914550781,467293,0.0,0
2024-07-12 15:00:00-04:00,455.7749938964844,456.30999755859375,455.44000244140625,456.04998779296875,540402,0.0,0
2024-07-12 15:30:00-04:00,456.0450134277344,456.1098937988281,452.1000061035156,453.760009765625,2044089,0.0,0
2024-07-15 09:30:00-04:00,453.4200134277344,456.25,452.25,454.5150146484375,1911147,0.0,0
2024-07-15 10:00:00-04:00,454.5199890136719,454.9800109863281,453.6700134277344,454.3900146484375,838899,0.0,0
2024-07-15 10:30:00-04:00,454.3900146484375,456.1300048828125,454.2099914550781,455.4800109863281,815089,0.0,0
2024-07-15 11:00:00-04:00,455.57000732421875,457.260009765625,455.5199890136719,455.55999755859375,731803,0.0,0
2024-07-15 11:30:00-04:00,455.5799865722656,456.07000732421875,453.8800048828125,455.1400146484375,695029,0.0,0
2024-07-15 12:00:00-04:00,455.1199951171875,455.1199951171875,451.42999267578125,452.8699951171875,788692,0.0,0
2024-07-15 12:30:00-04:00,452.8500061035156,453.7699890136719,452.7200012207031,453.4800109863281,402962,0.0,0
2024-07-15 13:00:00-04:00,453.4599914550781,453.4599914550781,452.2200012207031,452.25,462741,0.0,0
2024-07-15 13:30:00-04:00,452.2200012207031,452.69000244140625,451.44000244140625,451.7273864746094,460748,0.0,0
2024-07-15 14:00:00-04:00,451.7099914550781,453.05999755859375,451.6000061035156,453.05999755859375,507759,0.0,0
2024-07-15 14:30:00-04:00,453.07000732421875,453.9599914550781,452.9200134277344,453.7900085449219,397001,0.0,0
2024-07-15 15:00:00-04:00,453.7699890136719,454.3699951171875,453.3999938964844,454.1099853515625,491824,0.0,0
2024-07-15 15:30:00-04:00,454.1400146484375,454.2900085449219,451.6499938964844,454.0400085449219,1646398,0.0,0
2024-07-16 09:30:00-04:00,454.2200012207031,454.29998779296875,450.92999267578125,451.16351318359375,1918200,0.0,0
2024-07-16 10:00:00-04:00,451.1700134277344,451.6600036621094,447.6960144042969,448.3699951171875,1764447,0.0,0
2024-07-16 10:30:00-04:00,448.3699951171875,449.6199951171875,447.25,448.3301086425781,1062357,0.0,0
2024-07-16 11:00:00-04:00,448.32501220703125,450.02899169921875,447.7699890136719,448.8500061035156,991935,0.0,0
2024-07-16 11:30:00-04:00,448.875,449.25,448.489990234375,448.5299987792969,769261,0.0,0
2024-07-16 12:00:00-04:00,448.55999755859375,448.9814147949219,447.1099853515625,447.739990234375,773010,0.0,0
2024-07-16 12:30:00-04:00,447.7699890136719,448.7998962402344,447.2300109863281,448.7200012207031,584209,0.0,0
2024-07-16 13:00:00-04:00,448.67041015625,448.67041015625,447.32000732421875,447.3900146484375,667400,0.0,0
2024-07-16 13:30:00-04:00,447.3800048828125,447.8500061035156,446.6600036621094,447.7408142089844,823372,0.0,0
2024-07-16 14:00:00-04:00,447.75,448.05999755859375,447.05999755859375,447.8699951171875,1049154,0.0,0
2024-07-16 14:30:00-04:00,447.8299865722656,449.489990234375,447.7699890136719,449.45001220703125,773248,0.0,0
2024-07-16 15:00:00-04:00,449.42999267578125,449.6824035644531,449.1000061035156,449.55999755859375,678469,0.0,0
2024-07-16 15:30:00-04:00,449.5054931640625,450.1099853515625,449.1400146484375,449.489990234375,1756090,0.0,0
2024-07-17 09:30:00-04:00,442.42999267578125,444.3299865722656,441.0,443.8299865722656,3366310,0.0,0
2024-07-17 10:00:00-04:00,443.7749938964844,443.8818054199219,440.010009765625,441.1300048828125,1751046,0.0,0
2024-07-17 10:30:00-04:00,441.0400085449219,442.239990234375,439.6600036621094,440.0,1459459,0.0,0
2024-07-17 11:00:00-04:00,440.0,441.55499267578125,439.17999267578125,441.1700134277344,1309757,0.0,0
2024-07-17 11:30:00-04:00,441.25,441.5199890136719,440.3207092285156,440.75,744139,0.0,0
2024-07-17 12:00:00-04:00,440.79998779296875,441.07000732421875,440.1499938964844,440.44000244140625,737851,0.0,0
2024-07-17 12:30:00-04:00,440.44000244140625,441.5199890136719,439.94000244140625,440.8901062011719,1013300,0.0,0
2024-07-17 13:00:00-04:00,440.8800048828125,442.1499938964844,440.6700134277344,441.92999267578125,664192,0.0,0
2024-07-17 13:30:00-04:00,441.87249755859375,443.04998779296875,441.3500061035156,443.0299987792969,738435,0.0,0
2024-07-17 14:00:00-04:00,443.05999755859375,444.6600036621094,442.6112976074219,444.1449890136719,885254,0.0,0
2024-07-17 14:30:00-04:00,444.03009033203125,444.3800048828125,442.8500061035156,443.2950134277344,730466,0.0,0
2024-07-17 15:00:00-04:00,443.32000732421875,444.8500061035156,443.1499938964844,444.29010009765625,973680,0.0,0
2024-07-17 15:30:00-04:00,444.29998779296875,444.29998779296875,442.6400146484375,443.54998779296875,2614377,0.0,0
2024-07-18 09:30:00-04:00,444.3399963378906,444.6499938964844,439.2200012207031,439.42999267578125,2979248,0.0,0
2024-07-18 10:00:00-04:00,439.4200134277344,440.6437072753906,438.54998779296875,439.7889099121094,1480671,0.0,0
2024-07-18 10:30:00-04:00,439.760009765625,439.760009765625,436.4700012207031,438.9100036621094,1654287,0.0,0
2024-07-18 11:00:00-04:00,438.95001220703125,439.3450012207031,435.92999267578125,436.1700134277344,1374550,0.0,0
2024-07-18 11:30:00-04:00,436.1700134277344,437.04998779296875,434.7200012207031,434.8999938964844,1455177,0.0,0
2024-07-18 12:00:00-04:00,434.9100036621094,435.9591979980469,434.3999938964844,435.7650146484375,879004,0.0,0
2024-07-18 12:30:00-04:00,435.7300109863281,436.92999267578125,435.25,436.5899963378906,1061499,0.0,0
2024-07-18 13:00:00-04:00,436.55999755859375,437.760009765625,435.8800048828125,437.37969970703125,721242,0.0,0
2024-07-18 13:30:00-04:00,437.4150085449219,438.1549987792969,436.6700134277344,437.5299987792969,724159,0.0,0
2024-07-18 14:00:00-04:00,437.5899963378906,438.8699951171875,436.9800109863281,438.1824951171875,737588,0.0,0
2024-07-18 14:30:00-04:00,438.19000244140625,438.489990234375,436.760009765625,438.2200012207031,758115,0.0,0
2024-07-18 15:00:00-04:00,438.1199951171875,438.57000732421875,436.739990234375,438.3699951171875,929317,0.0,0
2024-07-18 15:30:00-04:00,438.3599853515625,441.010009765625,438.04998779296875,440.3800048828125,2536947,0.0,0
2024-07-19 09:30:00-04:00,433.1199951171875,441.1400146484375,432.0,437.7799987792969,6708723,0.0,0
2024-07-19 10:00:00-04:00,437.760009765625,441.0,436.8599853515625,438.19500732421875,1424962,0.0,0
2024-07-19 10:30:00-04:00,438.19000244140625,439.53839111328125,437.40008544921875,439.2127990722656,1185896,0.0,0
2024-07-19 11:00:00-04:00,439.2699890136719,440.260009765625,437.6499938964844,437.7099914550781,704142,0.0,0
2024-07-19 11:30:00-04:00,437.67999267578125,438.7300109863281,436.45001220703125,438.4549865722656,816305,0.0,0
2024-07-19 12:00:00-04:00,438.3599853515625,438.739990234375,437.260009765625,437.6199951171875,900692,0.0,0
2024-07-19 12:30:00-04:00,437.559814453125,437.7200012207031,436.19000244140625,437.1499938964844,502024,0.0,0
2024-07-19 13:00:00-04:00,437.1199951171875,437.17999267578125,435.6300048828125,435.989990234375,593342,0.0,0
2024-07-19 13:30:00-04:00,435.95001220703125,436.8999938964844,435.8583068847656,436.8099060058594,605233,0.0,0
2024-07-19 14:00:00-04:00,436.7300109863281,437.2699890136719,436.0,436.25,540002,0.0,0
2024-07-19 14:30:00-04:00,436.2850036621094,437.6000061035156,435.8949890136719,437.5199890136719,674883,0.0,0
2024-07-19 15:00:00-04:00,437.4800109863281,438.3599853515625,437.4599914550781,437.6499938964844,820301,0.0,0
2024-07-19 15:30:00-04:00,437.6300048828125,437.7799987792969,435.9700012207031,437.0899963378906,2251986,0.0,0
2024-07-22 09:30:00-04:00,441.75,443.8999938964844,440.1499938964844,443.3127136230469,2385953,0.0,0
2024-07-22 10:00:00-04:00,443.31500244140625,443.8599853515625,441.8301086425781,443.7200012207031,947066,0.0,0
2024-07-22 10:30:00-04:00,443.7550048828125,444.5799865722656,442.5,442.55999755859375,962081,0.0,0
2024-07-22 11:00:00-04:00,442.57000732421875,443.55999755859375,439.7300109863281,440.0451965332031,826134,0.0,0
2024-07-22 11:30:00-04:00,440.0299072265625,440.1300048828125,438.9125061035156,440.0799865722656,630215,0.0,0
2024-07-22 12:00:00-04:00,440.010009765625,441.0799865722656,439.2699890136719,440.55999755859375,448442,0.0,0
2024-07-22 12:30:00-04:00,440.5400085449219,442.7300109863281,440.5400085449219,442.3999938964844,424765,0.0,0
2024-07-22 13:00:00-04:00,442.42999267578125,443.1098937988281,442.30999755859375,442.30999755859375,360914,0.0,0
2024-07-22 13:30:00-04:00,442.3299865722656,443.5289001464844,442.2900085449219,443.44500732421875,456316,0.0,0
2024-07-22 14:00:00-04:00,443.4800109863281,444.57000732421875,443.3500061035156,443.9800109863281,545126,0.0,0
2024-07-22 14:30:00-04:00,443.9700012207031,444.4910888671875,443.25,443.42999267578125,430196,0.0,0
2024-07-22 15:00:00-04:00,443.44000244140625,443.9200134277344,442.7099914550781,443.1600036621094,605648,0.0,0
2024-07-22 15:30:00-04:00,443.125,444.04998779296875,442.5849914550781,442.8599853515625,1826771,0.0,0
2024-07-23 09:30:00-04:00,444.0,447.7900085449219,443.25,445.95001220703125,1821944,0.0,0
2024-07-23 10:00:00-04:00,446.0,446.9200134277344,444.7099914550781,446.1300048828125,931779,0.0,0
2024-07-23 10:30:00-04:00,446.1449890136719,446.29998779296875,444.17999267578125,445.760009765625,632196,0.0,0
2024-07-23 11:00:00-04:00,445.7850036621094,448.3900146484375,445.7850036621094,447.9599914550781,850696,0.0,0
2024-07-23 11:30:00-04:00,447.91400146484375,448.010009765625,446.6449890136719,446.8699951171875,515946,0.0,0
2024-07-23 12:00:00-04:00,446.760009765625,446.760009765625,444.3301086425781,445.06500244140625,559343,0.0,0
2024-07-23 12:30:00-04:00,445.0199890136719,445.3999938964844,443.79998779296875,444.4599914550781,424578,0.0,0
2024-07-23 13:00:00-04:00,444.45001220703125,444.9599914550781,443.4800109863281,444.57000732421875,438255,0.0,0
2024-07-23 13:30:00-04:00,444.5299987792969,444.8999938964844,443.8999938964844,444.7950134277344,376278,0.0,0
2024-07-23 14:00:00-04:00,444.8299865722656,445.3500061035156,444.0299987792969,444.3818054199219,354854,0.0,0
2024-07-23 14:30:00-04:00,444.3999938964844,444.6050109863281,443.8800048828125,444.32000732421875,366499,0.0,0
2024-07-23 15:00:00-04:00,444.32000732421875,444.5,443.9800109863281,444.29998779296875,430613,0.0,0
2024-07-23 15:30:00-04:00,444.2799987792969,444.9200134277344,443.1000061035156,444.80999755859375,1439172,0.0,0
2024-07-24 09:30:00-04:00,440.2200012207031,441.45001220703125,437.1499938964844,439.4150085449219,2065291,0.0,0
2024-07-24 10:00:00-04:00,439.3299865722656,439.4100036621094,436.5799865722656,436.67498779296875,1065921,0.0,0
2024-07-24 10:30:00-04:00,436.6000061035156,437.0799865722656,433.4306945800781,434.17999267578125,1536127,0.0,0
2024-07-24 11:00:00-04:00,434.2156982421875,434.3299865722656,431.0799865722656,431.99261474609375,1714180,0.0,0
2024-07-24 11:30:00-04:00,431.92999267578125,432.6700134277344,430.82000732421875,431.6099853515625,1293945,0.0,0
2024-07-24 12:00:00-04:00,431.6300048828125,431.9800109863281,430.44000244140625,430.7500915527344,1417551,0.0,0
2024-07-24 12:30:00-04:00,430.73638916015625,431.30999755859375,429.1199951171875,429.1499938964844,1579559,0.0,0
2024-07-24 13:00:00-04:00,429.1400146484375,430.9576110839844,428.9200134277344,429.9700012207031,977275,0.0,0
2024-07-24 13:30:00-04:00,429.95001220703125,430.57391357421875,429.010009765625,429.010009765625,857264,0.0,0
2024-07-24 14:00:00-04:00,429.04998779296875,430.0899963378906,427.7300109863281,428.239990234375,1530168,0.0,0
2024-07-24 14:30:00-04:00,428.2099914550781,429.19000244140625,427.5849914550781,428.6400146484375,1124878,0.0,0
2024-07-24 15:00:00-04:00,428.6300048828125,429.39349365234375,428.29998779296875,428.5899963378906,1225049,0.0,0
2024-07-24 15:30:00-04:00,428.57000732421875,429.8699951171875,427.7300109863281,428.94000244140625,3284675,0.0,0
2024-07-25 09:30:00-04:00,428.82501220703125,429.7850036621094,421.8399963378906,422.1300048828125,3991877,0.0,0
2024-07-25 10:00:00-04:00,422.0400085449219,422.5,417.510009765625,421.1449890136719,4341724,0.0,0
2024-07-25 10:30:00-04:00,421.0799865722656,424.75,420.5,423.9700012207031,2376182,0.0,0
2024-07-25 11:00:00-04:00,423.8699951171875,425.385009765625,423.20001220703125,423.7900085449219,1654707,0.0,0
2024-07-25 11:30:00-04:00,423.75,423.7699890136719,420.9800109863281,422.8999938964844,1288494,0.0,0
2024-07-25 12:00:00-04:00,422.8900146484375,425.94000244140625,422.010009765625,425.05999755859375,1307133,0.0,0
2024-07-25 12:30:00-04:00,425.07000732421875,426.0849914550781,424.3550109863281,425.6099853515625,858192,0.0,0
2024-07-25 13:00:00-04:00,425.6400146484375,427.2723083496094,424.67498779296875,425.010009765625,947910,0.0,0
2024-07-25 13:30:00-04:00,425.0718994140625,425.3699951171875,423.7200012207031,424.8949890136719,899960,0.0,0
2024-07-25 14:00:00-04:00,424.8999938964844,425.0,422.3500061035156,423.260009765625,1133210,0.0,0
2024-07-25 14:30:00-04:00,423.2200012207031,423.5199890136719,420.42999267578125,420.9549865722656,1156186,0.0,0
2024-07-25 15:00:00-04:00,420.8699951171875,422.44000244140625,420.2699890136719,422.0400085449219,1337465,0.0,0
2024-07-25 15:30:00-04:00,422.0,422.1400146484375,417.94000244140625,418.3999938964844,3104768,0.0,0
2024-07-26 09:30:00-04:00,418.19000244140625,421.8900146484375,417.30999755859375,419.9949951171875,3274217,0.0,0
2024-07-26 10:00:00-04:00,419.8599853515625,424.260009765625,419.5,422.9800109863281,1810401,0.0,0
2024-07-26 10:30:00-04:00,423.0299987792969,423.1881103515625,420.1600036621094,422.4649963378906,1138129,0.0,0
2024-07-26 11:00:00-04:00,422.4200134277344,424.2550048828125,422.3699951171875,423.4837951660156,879565,0.0,0
2024-07-26 11:30:00-04:00,423.44000244140625,426.20001220703125,422.94000244140625,425.95001220703125,1130731,0.0,0
2024-07-26 12:00:00-04:00,426.0299987792969,427.69989013671875,425.9800109863281,427.1300048828125,1142468,0.0,0
2024-07-26 12:30:00-04:00,427.2699890136719,428.32000732421875,426.95001220703125,428.0,1465931,0.0,0
2024-07-26 13:00:00-04:00,428.04998779296875,428.9100036621094,427.5,428.6050109863281,727335,0.0,0
2024-07-26 13:30:00-04:00,428.55999755859375,428.70001220703125,426.3699951171875,426.5350036621094,1123632,0.0,0
2024-07-26 14:00:00-04:00,426.510009765625,426.739990234375,425.3900146484375,425.3900146484375,661035,0.0,0
2024-07-26 14:30:00-04:00,425.3900146484375,426.0,424.07000732421875,424.31500244140625,611598,0.0,0
2024-07-26 15:00:00-04:00,424.239990234375,426.0,424.1050109863281,425.4971923828125,732239,0.0,0
2024-07-26 15:30:00-04:00,425.45001220703125,426.0,423.5,425.489990234375,2152882,0.0,0
2024-07-29 09:30:00-04:00,427.75,428.61669921875,425.3399963378906,428.3999938964844,2754537,0.0,0
2024-07-29 10:00:00-04:00,428.42498779296875,428.7799987792969,425.6600036621094,427.2699890136719,1099930,0.0,0
2024-07-29 10:30:00-04:00,427.2300109863281,428.1499938964844,426.05999755859375,426.2799987792969,722688,0.0,0
2024-07-29 11:00:00-04:00,426.32501220703125,427.2099914550781,424.9200134277344,425.8399963378906,783072,0.0,0
2024-07-29 11:30:00-04:00,425.8500061035156,427.6106872558594,424.7041931152344,427.19000244140625,661660,0.0,0
2024-07-29 12:00:00-04:00,427.2300109863281,429.2099914550781,427.2300109863281,428.0150146484375,756802,0.0,0
2024-07-29 12:30:00-04:00,428.0205993652344,429.3800048828125,428.0205993652344,428.5799865722656,537072,0.0,0
2024-07-29 13:00:00-04:00,428.5159912109375,429.75,428.2699890136719,428.2699890136719,529579,0.0,0
2024-07-29 13:30:00-04:00,428.29998779296875,429.1000061035156,427.97100830078125,428.0299987792969,410694,0.0,0
2024-07-29 14:00:00-04:00,428.0400085449219,428.1300048828125,426.4700012207031,426.6300048828125,436417,0.0,0
2024-07-29 14:30:00-04:00,426.5400085449219,427.3999938964844,426.1400146484375,427.2900085449219,526837,0.0,0
2024-07-29 15:00:00-04:00,427.32000732421875,428.0,427.0,427.6499938964844,627986,0.0,0
2024-07-29 15:30:00-04:00,427.70001220703125,428.6099853515625,426.625,426.79998779296875,1733966,0.0,0
2024-07-30 09:30:00-04:00,427.6700134277344,429.0450134277344,425.0,427.2900085449219,2587399,0.0,0
2024-07-30 10:00:00-04:00,427.30499267578125,428.8999938964844,426.5199890136719,427.3999938964844,1100653,0.0,0
2024-07-30 10:30:00-04:00,427.42999267578125,427.42999267578125,424.6900939941406,425.0249938964844,1615202,0.0,0
2024-07-30 11:00:00-04:00,424.9967041015625,425.21990966796875,421.79998779296875,422.2699890136719,1239687,0.0,0
2024-07-30 11:30:00-04:00,422.2099914550781,422.9200134277344,418.739990234375,419.4549865722656,2017813,0.0,0
2024-07-30 12:00:00-04:00,419.45001220703125,421.5899963378906,419.3299865722656,420.29998779296875,986900,0.0,0
2024-07-30 12:30:00-04:00,420.2349853515625,420.30999755859375,418.0,418.1499938964844,1226179,0.0,0
2024-07-30 13:00:00-04:00,418.1700134277344,418.6700134277344,417.360595703125,418.3599853515625,1867770,0.0,0
2024-07-30 13:30:00-04:00,418.3800048828125,419.593994140625,417.92999267578125,419.57000732421875,1059389,0.0,0
2024-07-30 14:00:00-04:00,419.6011962890625,421.8299865722656,419.2699890136719,420.7950134277344,952681,0.0,0
2024-07-30 14:30:00-04:00,420.7900085449219,421.1000061035156,419.7799987792969,420.4599914550781,935801,0.0,0
2024-07-30 15:00:00-04:00,420.43499755859375,421.45001220703125,419.5610046386719,420.9599914550781,1238873,0.0,0
2024-07-30 15:30:00-04:00,420.95001220703125,425.19000244140625,420.3599853515625,422.4200134277344,3267883,0.0,0
2024-07-31 09:30:00-04:00,420.5899963378906,421.7749938964844,412.29998779296875,418.7300109863281,9593060,0.0,0
2024-07-31 10:00:00-04:00,418.7300109863281,420.1651916503906,416.35040283203125,417.6000061035156,3173839,0.0,0
2024-07-31 10:30:00-04:00,417.6000061035156,419.0400085449219,414.92999267578125,417.4599914550781,2336873,0.0,0
2024-07-31 11:00:00-04:00,417.3900146484375,418.30999755859375,416.8999938964844,417.8699951171875,1334418,0.0,0
2024-07-31 11:30:00-04:00,417.8599853515625,418.6700134277344,415.75,416.07501220703125,1418697,0.0,0
2024-07-31 12:00:00-04:00,416.07501220703125,416.80999755859375,415.489990234375,415.7149963378906,1386930,0.0,0
2024-07-31 12:30:00-04:00,415.7099914550781,415.7799987792969,413.8599853515625,414.54998779296875,1570873,0.0,0
2024-07-31 13:00:00-04:00,414.6300048828125,417.4200134277344,414.5199890136719,417.0050048828125,1363961,0.0,0
2024-07-31 13:30:00-04:00,417.010009765625,419.2200012207031,415.79998779296875,418.8450012207031,1480110,0.0,0
2024-07-31 14:00:00-04:00,418.82000732421875,420.1199951171875,417.70001220703125,418.45001220703125,1677535,0.0,0
2024-07-31 14:30:00-04:00,418.42401123046875,419.739990234375,417.2099914550781,418.7099914550781,2115726,0.0,0
2024-07-31 15:00:00-04:00,418.75,421.2099914550781,415.94000244140625,416.20001220703125,2718434,0.0,0
2024-07-31 15:30:00-04:00,416.2200012207031,419.0,415.54998779296875,418.2799987792969,5022378,0.0,0
2024-08-01 09:30:00-04:00,420.7850036621094,427.2900085449219,418.2099914550781,427.0400085449219,4900334,0.0,0
2024-08-01 10:00:00-04:00,426.989990234375,427.4599914550781,424.1449890136719,424.17498779296875,2492932,0.0,0
2024-08-01 10:30:00-04:00,424.2250061035156,425.7699890136719,422.45001220703125,423.7099914550781,1592048,0.0,0
2024-08-01 11:00:00-04:00,423.7300109863281,424.0150146484375,418.8999938964844,418.95001220703125,1640859,0.0,0
2024-08-01 11:30:00-04:00,418.92999267578125,419.3299865722656,416.6600036621094,417.6400146484375,2481121,0.0,0
2024-08-01 12:00:00-04:00,417.7300109863281,421.0299987792969,417.3500061035156,419.25,982891,0.0,0
2024-08-01 12:30:00-04:00,419.260009765625,419.8999938964844,417.6199951171875,417.75,1554829,0.0,0
2024-08-01 13:00:00-04:00,417.67999267578125,418.2699890136719,416.9419860839844,418.0849914550781,963570,0.0,0
2024-08-01 13:30:00-04:00,418.135009765625,418.2749938964844,413.090087890625,415.70001220703125,2462486,0.0,0
2024-08-01 14:00:00-04:00,415.6499938964844,416.0,413.67999267578125,414.4189147949219,880143,0.0,0
2024-08-01 14:30:00-04:00,414.3599853515625,415.2200012207031,413.8699951171875,414.8335876464844,917296,0.0,0
2024-08-01 15:00:00-04:00,414.7207946777344,415.92999267578125,414.3500061035156,415.18499755859375,963763,0.0,0
2024-08-01 15:30:00-04:00,415.1700134277344,418.1600036621094,414.260009765625,417.05999755859375,2773316,0.0,0
2024-08-02 09:30:00-04:00,412.7449951171875,415.0,406.1499938964844,407.55999755859375,4188570,0.0,0
2024-08-02 10:00:00-04:00,407.57000732421875,408.0,404.3399963378906,407.0799865722656,2843838,0.0,0
2024-08-02 10:30:00-04:00,407.0,408.3999938964844,404.44000244140625,406.1199951171875,2027096,0.0,0
2024-08-02 11:00:00-04:00,406.0899963378906,408.0132141113281,404.7099914550781,405.3299865722656,1666073,0.0,0
2024-08-02 11:30:00-04:00,405.3550109863281,407.6600036621094,404.8800048828125,406.8299865722656,1414934,0.0,0
2024-08-02 12:00:00-04:00,406.8800048828125,408.6400146484375,405.45001220703125,406.39080810546875,1284392,0.0,0
2024-08-02 12:30:00-04:00,406.30999755859375,408.0199890136719,405.0,405.6199951171875,1020420,0.0,0
2024-08-02 13:00:00-04:00,405.45001220703125,406.7300109863281,405.375,405.70001220703125,760462,0.0,0
2024-08-02 13:30:00-04:00,405.64990234375,406.3999938964844,404.989990234375,406.010009765625,808343,0.0,0
2024-08-02 14:00:00-04:00,405.92999267578125,407.1300048828125,404.67999267578125,407.0887145996094,978065,0.0,0
2024-08-02 14:30:00-04:00,407.0299987792969,407.8500061035156,405.4949951171875,405.5899963378906,1113268,0.0,0
2024-08-02 15:00:00-04:00,405.6300048828125,407.82501220703125,405.5400085449219,407.739990234375,1387362,0.0,0
2024-08-02 15:30:00-04:00,407.7449951171875,409.0199890136719,405.92999267578125,408.489990234375,3253311,0.0,0
2024-08-05 09:30:00-04:00,388.8399963378906,397.0,387.0,393.57000732421875,10036918,0.0,0
2024-08-05 10:00:00-04:00,393.6700134277344,397.42498779296875,392.91009521484375,394.42999267578125,3604422,0.0,0
2024-08-05 10:30:00-04:00,394.4100036621094,399.4800109863281,394.3800048828125,396.7250061035156,2369909,0.0,0
2024-08-05 11:00:00-04:00,396.6000061035156,400.0,395.0,399.0799865722656,1906646,0.0,0
2024-08-05 11:30:00-04:00,399.0199890136719,400.70001220703125,397.0899963378906,398.7900085449219,1567392,0.0,0
2024-08-05 12:00:00-04:00,398.760009765625,401.0400085449219,398.07000732421875,400.7900085449219,1121651,0.0,0
2024-08-05 12:30:00-04:00,400.760009765625,400.760009765625,396.4570007324219,396.989990234375,1203874,0.0,0
2024-08-05 13:00:00-04:00,396.989990234375,398.6600036621094,396.32000732421875,397.2099914550781,1134703,0.0,0
2024-08-05 13:30:00-04:00,397.30999755859375,398.4599914550781,396.489990234375,396.5299987792969,912841,0.0,0
2024-08-05 14:00:00-04:00,396.489990234375,396.739990234375,393.7799987792969,394.6600036621094,1130889,0.0,0
2024-08-05 14:30:00-04:00,394.61920166015625,395.42999267578125,393.1650085449219,393.760009765625,2108372,0.0,0
2024-08-05 15:00:00-04:00,393.7699890136719,396.039306640625,393.7699890136719,395.5169982910156,1304103,0.0,0
2024-08-05 15:30:00-04:00,395.57000732421875,396.01239013671875,393.260009765625,395.2300109863281,3628286,0.0,0
2024-08-06 09:30:00-04:00,400.2349853515625,402.7049865722656,398.5050048828125,400.4800109863281,4100948,0.0,0
2024-08-06 10:00:00-04:00,400.3800048828125,403.2200012207031,399.70001220703125,401.8949890136719,1635901,0.0,0
2024-08-06 10:30:00-04:00,401.92498779296875,404.67999267578125,401.30999755859375,403.9200134277344,1921583,0.0,0
2024-08-06 11:00:00-04:00,403.95001220703125,404.9800109863281,401.1099853515625,401.239990234375,1349157,0.0,0
2024-08-06 11:30:00-04:00,401.18499755859375,404.9700012207031,401.1600036621094,404.7430114746094,889674,0.0,0
2024-08-06 12:00:00-04:00,404.8599853515625,405.5799865722656,403.6499938964844,403.9949951171875,789460,0.0,0
2024-08-06 12:30:00-04:00,404.04998779296875,405.6700134277344,403.2200012207031,404.79998779296875,775118,0.0,0
2024-08-06 13:00:00-04:00,404.82000732421875,405.2049865722656,403.2699890136719,403.739990234375,702242,0.0,0
2024-08-06 13:30:00-04:00,403.82000732421875,404.2799987792969,403.19940185546875,403.64190673828125,601506,0.0,0
2024-08-06 14:00:00-04:00,403.6650085449219,404.3900146484375,402.989990234375,404.3367919921875,742796,0.0,0
2024-08-06 14:30:00-04:00,404.3399963378906,404.7799987792969,402.4800109863281,402.4800109863281,1315006,0.0,0
2024-08-06 15:00:00-04:00,402.5,402.8265075683594,400.8399963378906,401.8699951171875,941248,0.0,0
2024-08-06 15:30:00-04:00,401.92999267578125,402.125,399.2300109863281,399.42999267578125,2930138,0.0,0
2024-08-07 09:30:00-04:00,408.635009765625,409.30999755859375,406.92999267578125,408.91839599609375,2573569,0.0,0
2024-08-07 10:00:00-04:00,408.92999267578125,410.04998779296875,407.7749938964844,408.45001220703125,1363270,0.0,0
2024-08-07 10:30:00-04:00,408.4200134277344,409.4991149902344,407.42999267578125,408.42999267578125,901301,0.0,0
2024-08-07 11:00:00-04:00,408.44500732421875,408.6698913574219,406.5,407.2200012207031,915074,0.0,0
2024-08-07 11:30:00-04:00,407.25,407.6600036621094,404.6700134277344,405.7099914550781,1066672,0.0,0
2024-08-07 12:00:00-04:00,405.739990234375,405.7699890136719,403.3900146484375,404.75,787651,0.0,0
2024-08-07 12:30:00-04:00,404.7449951171875,404.8399963378906,401.32000732421875,401.8800048828125,889902,0.0,0
2024-08-07 13:00:00-04:00,401.8699951171875,402.3800048828125,400.0899963378906,401.1700134277344,1054421,0.0,0
2024-08-07 13:30:00-04:00,401.17498779296875,402.1000061035156,399.8900146484375,400.3179931640625,974596,0.0,0
2024-08-07 14:00:00-04:00,400.2900085449219,400.625,399.20001220703125,400.05999755859375,1055450,0.0,0
2024-08-07 14:30:00-04:00,399.9800109863281,400.239990234375,398.260009765625,398.8500061035156,1160615,0.0,0
2024-08-07 15:00:00-04:00,398.81500244140625,401.04998779296875,398.7200012207031,400.1217956542969,970210,0.0,0
2024-08-07 15:30:00-04:00,400.0,400.7099914550781,397.4700012207031,398.20001220703125,2139089,0.0,0
2024-08-08 09:30:00-04:00,402.3999938964844,403.010009765625,399.9407043457031,402.739990234375,2276287,0.0,0
2024-08-08 10:00:00-04:00,402.80499267578125,405.67999267578125,402.19000244140625,405.44500732421875,1222080,0.0,0
2024-08-08 10:30:00-04:00,405.44500732421875,405.8599853515625,404.1499938964844,404.3900146484375,1009504,0.0,0
2024-08-08 11:00:00-04:00,404.3800048828125,404.42999267578125,402.32000732421875,403.2250061035156,1131387,0.0,0
2024-08-08 11:30:00-04:00,403.2300109863281,403.7699890136719,402.1000061035156,403.5899963378906,678468,0.0,0
2024-08-08 12:00:00-04:00,403.4800109863281,404.75,402.7424011230469,402.79400634765625,606340,0.0,0
2024-08-08 12:30:00-04:00,402.79998779296875,402.9119873046875,401.1700134277344,402.54998779296875,604662,0.0,0
2024-08-08 13:00:00-04:00,402.76971435546875,404.0799865722656,401.4200134277344,403.7986145019531,565314,0.0,0
2024-08-08 13:30:00-04:00,403.94000244140625,404.5050048828125,403.7799987792969,404.4750061035156,558313,0.0,0
2024-08-08 14:00:00-04:00,404.4750061035156,405.57000732421875,404.2301025390625,404.3500061035156,666207,0.0,0
2024-08-08 14:30:00-04:00,404.3599853515625,405.25,402.2799987792969,402.5899963378906,1063722,0.0,0
2024-08-08 15:00:00-04:00,402.5799865722656,403.1000061035156,401.4700012207031,401.489990234375,1068059,0.0,0
2024-08-08 15:30:00-04:00,401.6000061035156,403.30999755859375,400.25,403.0199890136719,2226559,0.0,0
2024-08-09 09:30:00-04:00,404.0,406.0,403.1499938964844,403.4800109863281,2909667,0.0,0
2024-08-09 10:00:00-04:00,403.489990234375,405.94000244140625,403.19000244140625,403.9100036621094,1068923,0.0,0
2024-08-09 10:30:00-04:00,403.79998779296875,405.489990234375,402.26239013671875,405.07501220703125,951294,0.0,0
2024-08-09 11:00:00-04:00,405.2200012207031,406.1600036621094,404.07000732421875,404.1650085449219,726963,0.0,0
2024-08-09 11:30:00-04:00,404.29998779296875,405.54998779296875,403.8599853515625,404.139892578125,528358,0.0,0
2024-08-09 12:00:00-04:00,404.2099914550781,404.489990234375,403.4100036621094,403.67999267578125,460189,0.0,0
2024-08-09 12:30:00-04:00,403.6499938964844,405.1700134277344,403.6499938964844,404.9700012207031,1006315,0.0,0
2024-08-09 13:00:00-04:00,404.9700012207031,407.5799865722656,404.7200012207031,407.5799865722656,750583,0.0,0
2024-08-09 13:30:00-04:00,407.614990234375,408.0199890136719,406.45001220703125,406.6341857910156,501774,0.0,0
2024-08-09 14:00:00-04:00,406.6499938964844,407.06201171875,406.0,406.4700012207031,380784,0.0,0
2024-08-09 14:30:00-04:00,406.43499755859375,406.989990234375,405.9599914550781,406.6582946777344,445466,0.0,0
2024-08-09 15:00:00-04:00,406.6600036621094,407.07000732421875,406.1000061035156,406.2200012207031,547990,0.0,0
2024-08-09 15:30:00-04:00,406.2250061035156,407.1899108886719,405.75,406.0199890136719,1726466,0.0,0
2024-08-12 09:30:00-04:00,407.239990234375,408.32000732421875,404.4700012207031,404.7250061035156,2806977,0.0,0
2024-08-12 10:00:00-04:00,404.7200012207031,406.5299987792969,404.243408203125,405.79998779296875,984181,0.0,0
2024-08-12 10:30:00-04:00,405.760009765625,407.0906982421875,405.610107421875,407.0906982421875,777683,0.0,0
2024-08-12 11:00:00-04:00,407.1199951171875,408.135009765625,404.3500061035156,405.3915100097656,948933,0.0,0
2024-08-12 11:30:00-04:00,405.3699951171875,408.3399963378906,405.17999267578125,408.32000732421875,1014463,0.0,0
2024-08-12 12:00:00-04:00,408.3299865722656,408.760009765625,407.45001220703125,407.8417053222656,623468,0.0,0
2024-08-12 12:30:00-04:00,407.83929443359375,408.19000244140625,405.8565979003906,405.9200134277344,507158,0.0,0
2024-08-12 13:00:00-04:00,405.739990234375,407.8500061035156,405.29998779296875,406.7919921875,440492,0.0,0
2024-08-12 13:30:00-04:00,406.7998962402344,407.2250061035156,405.510009765625,406.05499267578125,444473,0.0,0
2024-08-12 14:00:00-04:00,406.0281982421875,406.510009765625,405.5199890136719,405.7799987792969,409598,0.0,0
2024-08-12 14:30:00-04:00,405.75,406.3598937988281,405.6000061035156,406.3598937988281,399783,0.0,0
2024-08-12 15:00:00-04:00,406.2900085449219,406.3500061035156,405.20001220703125,405.5,475321,0.0,0
2024-08-12 15:30:00-04:00,405.5,406.9599914550781,405.1400146484375,406.9200134277344,1386801,0.0,0
2024-08-13 09:30:00-04:00,410.0799865722656,412.8599853515625,409.5799865722656,411.5199890136719,1987506,0.0,0
2024-08-13 10:00:00-04:00,411.55999755859375,411.8299865722656,410.1700134277344,410.6000061035156,896669,0.0,0
2024-08-13 10:30:00-04:00,410.5899963378906,412.2950134277344,409.92999267578125,412.1199951171875,786619,0.0,0
2024-08-13 11:00:00-04:00,412.0899963378906,413.7699890136719,412.05999755859375,413.2799987792969,926108,0.0,0
2024-08-13 11:30:00-04:00,413.15899658203125,413.4800109863281,412.6000061035156,413.2200012207031,573129,0.0,0
2024-08-13 12:00:00-04:00,413.2200012207031,413.8999938964844,412.8818054199219,413.3800964355469,521602,0.0,0
2024-08-13 12:30:00-04:00,413.3599853515625,414.95001220703125,413.1300048828125,414.7900085449219,620458,0.0,0
2024-08-13 13:00:00-04:00,414.7900085449219,414.8699951171875,414.05999755859375,414.32501220703125,414770,0.0,0
2024-08-13 13:30:00-04:00,414.3900146484375,414.76239013671875,412.8500061035156,414.0,631078,0.0,0
2024-08-13 14:00:00-04:00,414.0,414.2799987792969,413.7300109863281,414.2799987792969,397829,0.0,0
2024-08-13 14:30:00-04:00,414.2699890136719,414.6300048828125,414.20001220703125,414.6000061035156,402397,0.0,0
2024-08-13 15:00:00-04:00,414.6499938964844,414.8399963378906,413.6700134277344,413.8799133300781,570375,0.0,0
2024-08-13 15:30:00-04:00,413.8293151855469,414.0899963378906,412.5199890136719,413.9599914550781,2605575,0.0,0
2024-08-14 09:30:00-04:00,414.79998779296875,416.6369934082031,413.8599853515625,415.3800048828125,2123835,0.0,0
2024-08-14 10:00:00-04:00,415.3949890136719,415.55999755859375,413.489990234375,414.2749938964844,666235,0.0,0
2024-08-14 10:30:00-04:00,414.19000244140625,414.95001220703125,412.4455871582031,414.864990234375,2536922,0.0,0
2024-08-14 11:00:00-04:00,414.9150085449219,416.283203125,414.7699890136719,416.283203125,648508,0.0,0
2024-08-14 11:30:00-04:00,416.3299865722656,417.55999755859375,416.0799865722656,417.44500732421875,836784,0.0,0
2024-08-14 12:00:00-04:00,417.3299865722656,417.3699035644531,415.24420166015625,415.8599853515625,659802,0.0,0
2024-08-14 12:30:00-04:00,415.875,416.4800109863281,415.1099853515625,416.45001220703125,312526,0.0,0
2024-08-14 13:00:00-04:00,416.3599853515625,416.7099914550781,415.6099853515625,416.42999267578125,396645,0.0,0
2024-08-14 13:30:00-04:00,416.4200134277344,417.0382995605469,416.3299865722656,416.4549865722656,463129,0.0,0
2024-08-14 14:00:00-04:00,416.4150085449219,416.4150085449219,415.7349853515625,416.1600036621094,374520,0.0,0
2024-08-14 14:30:00-04:00,416.1300048828125,416.5799865722656,415.9599914550781,416.5400085449219,321224,0.0,0
2024-08-14 15:00:00-04:00,416.5299987792969,416.5954895019531,415.1400146484375,415.66900634765625,500530,0.0,0
2024-08-14 15:30:00-04:00,415.65478515625,417.7200012207031,415.54998779296875,416.6199951171875,2030722,0.0,0
2024-08-15 09:30:00-04:00,419.25,420.6300048828125,417.6600036621094,420.6300048828125,2013997,0.75,0
2024-08-15 10:00:00-04:00,420.5799865722656,420.9360046386719,418.3949890136719,419.8691101074219,1103742,0.0,0
2024-08-15 10:30:00-04:00,419.8299865722656,419.8999938964844,418.20001220703125,418.4674987792969,919656,0.0,0
2024-08-15 11:00:00-04:00,418.4800109863281,419.0398864746094,417.95001220703125,418.7349853515625,1010620,0.0,0
2024-08-15 11:30:00-04:00,418.7300109863281,420.06988525390625,418.44000244140625,419.7349853515625,1287377,0.0,0
2024-08-15 12:00:00-04:00,419.7149963378906,420.54998779296875,419.67010498046875,420.05499267578125,580069,0.0,0
2024-08-15 12:30:00-04:00,420.1000061035156,420.135009765625,418.82000732421875,418.92999267578125,1469516,0.0,0
2024-08-15 13:00:00-04:00,418.8999938964844,419.32000732421875,418.5400085449219,419.114990234375,551832,0.0,0
2024-08-15 13:30:00-04:00,419.1199951171875,419.8599853515625,419.1199951171875,419.8489990234375,390331,0.0,0
2024-08-15 14:00:00-04:00,419.8500061035156,420.260009765625,419.739990234375,420.0329895019531,512608,0.0,0
2024-08-15 14:30:00-04:00,420.0400085449219,420.17999267578125,419.4700012207031,419.94000244140625,529204,0.0,0
2024-08-15 15:00:00-04:00,419.9200134277344,420.1300048828125,419.5014953613281,419.9800109863281,482739,0.0,0
2024-08-15 15:30:00-04:00,419.9599914550781,421.1099853515625,419.1199951171875,421.1000061035156,2119254,0.0,0
2024-08-16 09:30:00-04:00,420.8500061035156,421.3399963378906,417.29998779296875,417.79998779296875,5807051,0.0,0
2024-08-16 10:00:00-04:00,417.7900085449219,418.9800109863281,417.67999267578125,417.8500061035156,1048271,0.0,0
2024-08-16 10:30:00-04:00,417.82000732421875,418.5400085449219,417.42999267578125,417.7900085449219,935759,0.0,0
2024-08-16 11:00:00-04:00,417.7900085449219,418.3599853515625,417.30999755859375,417.95001220703125,696700,0.0,0
2024-08-16 11:30:00-04:00,418.0,418.95001220703125,417.6700134277344,418.5899963378906,674150,0.0,0
2024-08-16 12:00:00-04:00,418.489990234375,419.45001220703125,418.22900390625,419.1401062011719,485997,0.0,0
2024-08-16 12:30:00-04:00,419.1499938964844,419.6499938964844,418.9800109863281,419.55499267578125,767199,0.0,0
2024-08-16 13:00:00-04:00,419.55999755859375,419.67498779296875,419.1000061035156,419.5,606558,0.0,0
2024-08-16 13:30:00-04:00,419.510009765625,419.67999267578125,418.5224914550781,419.0799865722656,393373,0.0,0
2024-08-16 14:00:00-04:00,419.0799865722656,419.1199951171875,418.4100036621094,418.9100036621094,430230,0.0,0
2024-08-16 14:30:00-04:00,418.94000244140625,419.1400146484375,418.5199890136719,418.9800109863281,470870,0.0,0
2024-08-16 15:00:00-04:00,418.9267883300781,419.0400085449219,418.6499938964844,418.8299865722656,955524,0.0,0
2024-08-16 15:30:00-04:00,418.8999938964844,419.2200012207031,418.3299865722656,418.5400085449219,2536112,0.0,0
2024-08-16 16:00:00-04:00,418.4700012207031,418.4700012207031,418.4700012207031,418.4700012207031,0,0.0,0
